,day,Sat May 28 2022 03:00:00 GMT+0300 (Israel Daylight Time),2022-05-28 0:00:14,2022-05-28 16:47:25,14857112,1360.7836160000013,738501,0
,day,Fri May 27 2022 03:00:00 GMT+0300 (Israel Daylight Time),2022-05-27 0:00:04,2022-05-27 23:59:49,14850894,3686.5791810000046,1093469,0
,day,Thu May 26 2022 03:00:00 GMT+0300 (Israel Daylight Time),2022-05-26 0:00:22,2022-05-26 23:59:56,14844802,4100.059456999993,1071180,0
,day,Wed May 25 2022 03:00:00 GMT+0300 (Israel Daylight Time),2022-05-25 0:00:11,2022-05-25 23:59:44,14838637,3031.8287949999967,1094639,0
,day,Tue May 24 2022 03:00:00 GMT+0300 (Israel Daylight Time),2022-05-24 0:00:23,2022-05-24 23:59:58,14832563,2493.0597709999925,1100715,0
,day,Mon May 23 2022 03:00:00 GMT+0300 (Israel Daylight Time),2022-05-23 0:00:19,2022-05-23 23:59:36,14826344,2248.947919999996,1085863,0
,day,Sun May 22 2022 03:00:00 GMT+0300 (Israel Daylight Time),2022-05-22 0:00:12,2022-05-22 23:59:39,14820222,1970.0657859999976,1055644,0
,day,Sat May 21 2022 03:00:00 GMT+0300 (Israel Daylight Time),2022-05-21 0:00:03,2022-05-21 23:59:33,14814062,1756.1951850000007,1094539,0
,day,Fri May 20 2022 03:00:00 GMT+0300 (Israel Daylight Time),2022-05-20 0:00:09,2022-05-20 23:59:32,14807908,2513.5489020000077,1112811,0
,day,Thu May 19 2022 03:00:00 GMT+0300 (Israel Daylight Time),2022-05-19 0:00:10,2022-05-19 23:59:52,14801796,2226.9049179999906,1093367,0
,day,Wed May 18 2022 03:00:00 GMT+0300 (Israel Daylight Time),2022-05-18 0:00:41,2022-05-18 23:59:42,14795550,2387.545553999994,1177913,0
,day,Tue May 17 2022 03:00:00 GMT+0300 (Israel Daylight Time),2022-05-17 0:00:06,2022-05-17 23:59:41,14789265,3064.668088000004,1135718,0
,day,Mon May 16 2022 03:00:00 GMT+0300 (Israel Daylight Time),2022-05-16 0:00:39,2022-05-16 23:59:51,14782977,2124.026640000001,1124352,0
,day,Sun May 15 2022 03:00:00 GMT+0300 (Israel Daylight Time),2022-05-15 0:00:20,2022-05-15 23:59:39,14776688,2103.855103000006,1089441,0
,day,Sat May 14 2022 03:00:00 GMT+0300 (Israel Daylight Time),2022-05-14 0:00:11,2022-05-14 23:59:59,14770451,3117.4669890000037,1139785,0
,day,Fri May 13 2022 03:00:00 GMT+0300 (Israel Daylight Time),2022-05-13 0:00:05,2022-05-13 23:59:57,14764084,6894.901432999983,1342405,0
,day,Thu May 12 2022 03:00:00 GMT+0300 (Israel Daylight Time),2022-05-12 0:00:10,2022-05-12 23:59:36,14757896,18460.76944599996,1327755,0
,day,Wed May 11 2022 03:00:00 GMT+0300 (Israel Daylight Time),2022-05-11 0:00:06,2022-05-11 23:59:52,14751558,12368.406602000006,1210708,0
,day,Tue May 10 2022 03:00:00 GMT+0300 (Israel Daylight Time),2022-05-10 0:00:04,2022-05-10 23:59:58,14745350,5065.107806000006,1202934,0
,day,Mon May 09 2022 03:00:00 GMT+0300 (Israel Daylight Time),2022-05-09 0:00:03,2022-05-09 23:59:29,14739155,5360.375985000016,1158340,0
,day,Sun May 08 2022 03:00:00 GMT+0300 (Israel Daylight Time),2022-05-08 0:00:29,2022-05-08 23:59:54,14732822,2313.191060000008,1087198,0
,day,Sat May 07 2022 03:00:00 GMT+0300 (Israel Daylight Time),2022-05-07 0:00:05,2022-05-07 23:59:56,14726564,2894.1979899999956,1051489,0
,day,Fri May 06 2022 03:00:00 GMT+0300 (Israel Daylight Time),2022-05-06 0:00:05,2022-05-06 23:59:42,14720259,3935.736541999998,1116562,0
,day,Thu May 05 2022 03:00:00 GMT+0300 (Israel Daylight Time),2022-05-05 0:00:27,2022-05-05 23:59:52,14713964,5133.7695279999825,1187804,0
,day,Wed May 04 2022 03:00:00 GMT+0300 (Israel Daylight Time),2022-05-04 0:00:07,2022-05-04 23:59:53,14707706,4419.2142829999875,1102254,0
,day,Tue May 03 2022 03:00:00 GMT+0300 (Israel Daylight Time),2022-05-03 0:00:04,2022-05-03 23:59:52,14701369,5656.655476,1077506,0
,day,Mon May 02 2022 03:00:00 GMT+0300 (Israel Daylight Time),2022-05-02 0:00:03,2022-05-02 23:59:50,14695011,6204.5197649999745,1112065,0
,day,Sun May 01 2022 03:00:00 GMT+0300 (Israel Daylight Time),2022-05-01 0:00:05,2022-05-01 23:59:13,14688630,71718.34102799992,1154787,0
,day,Sat Apr 30 2022 03:00:00 GMT+0300 (Israel Daylight Time),2022-04-30 0:00:08,2022-04-30 23:59:37,14682282,4282.81176399999,1211671,0
,day,Fri Apr 29 2022 03:00:00 GMT+0300 (Israel Daylight Time),2022-04-29 0:00:58,2022-04-29 23:59:48,14675906,4524.477432999983,1168081,0
,day,Thu Apr 28 2022 03:00:00 GMT+0300 (Israel Daylight Time),2022-04-28 0:00:02,2022-04-28 23:59:51,14669558,4531.912967999991,1155514,0
,day,Wed Apr 27 2022 03:00:00 GMT+0300 (Israel Daylight Time),2022-04-27 0:00:17,2022-04-27 23:59:57,14663177,4515.339819000005,1161504,0
,day,Tue Apr 26 2022 03:00:00 GMT+0300 (Israel Daylight Time),2022-04-26 0:00:02,2022-04-26 23:59:54,14656857,4276.617892000002,1125250,0
,day,Mon Apr 25 2022 03:00:00 GMT+0300 (Israel Daylight Time),2022-04-25 0:00:04,2022-04-25 23:59:57,14650515,4852.152435999997,1149227,0
,day,Sun Apr 24 2022 03:00:00 GMT+0300 (Israel Daylight Time),2022-04-24 0:00:02,2022-04-24 23:59:56,14644142,2982.481536000001,1071778,0
,day,Sat Apr 23 2022 03:00:00 GMT+0300 (Israel Daylight Time),2022-04-23 0:00:16,2022-04-23 23:59:59,14637771,2980.1878729999935,1051478,0
,day,Fri Apr 22 2022 03:00:00 GMT+0300 (Israel Daylight Time),2022-04-22 0:00:09,2022-04-22 23:59:55,14631357,4670.094061000011,1144822,0
,day,Thu Apr 21 2022 03:00:00 GMT+0300 (Israel Daylight Time),2022-04-21 0:00:08,2022-04-21 23:59:44,14625067,5562.749517999985,1119925,0
,day,Wed Apr 20 2022 03:00:00 GMT+0300 (Israel Daylight Time),2022-04-20 0:00:45,2022-04-20 23:59:50,14618643,6598.226891000016,1241534,0
,day,Tue Apr 19 2022 03:00:00 GMT+0300 (Israel Daylight Time),2022-04-19 0:00:05,2022-04-19 23:59:57,14612234,3704.033094,1214496,0
,day,Mon Apr 18 2022 03:00:00 GMT+0300 (Israel Daylight Time),2022-04-18 0:00:09,2022-04-18 23:59:59,14605884,3264.0256099999924,1103318,0
,day,Sun Apr 17 2022 03:00:00 GMT+0300 (Israel Daylight Time),2022-04-17 0:00:12,2022-04-17 23:59:46,14599453,2287.9881960000025,1043251,0
,day,Sat Apr 16 2022 03:00:00 GMT+0300 (Israel Daylight Time),2022-04-16 0:00:56,2022-04-16 23:59:55,14593049,2722.9550790000017,1059286,0
,day,Fri Apr 15 2022 03:00:00 GMT+0300 (Israel Daylight Time),2022-04-15 0:00:36,2022-04-15 23:59:59,14586628,3675.0672160000026,1110994,0
,day,Thu Apr 14 2022 03:00:00 GMT+0300 (Israel Daylight Time),2022-04-14 0:00:06,2022-04-14 23:59:58,14580220,4420.304939000006,1117285,0
,day,Wed Apr 13 2022 03:00:00 GMT+0300 (Israel Daylight Time),2022-04-13 0:00:14,2022-04-13 23:59:56,14573908,4225.808048000006,1067983,0
,day,Tue Apr 12 2022 03:00:00 GMT+0300 (Israel Daylight Time),2022-04-12 0:00:14,2022-04-12 23:59:41,14567462,4288.699978999998,1112524,0
,day,Mon Apr 11 2022 03:00:00 GMT+0300 (Israel Daylight Time),2022-04-11 0:00:03,2022-04-11 23:59:45,14561015,4216.973879999997,1113264,0
,day,Sun Apr 10 2022 03:00:00 GMT+0300 (Israel Daylight Time),2022-04-10 0:00:01,2022-04-10 23:59:59,14554614,3185.745036999986,1104239,0
,day,Sat Apr 09 2022 03:00:00 GMT+0300 (Israel Daylight Time),2022-04-09 0:00:00,2022-04-09 23:59:55,14548185,3253.1760170000052,1085399,0
,day,Fri Apr 08 2022 03:00:00 GMT+0300 (Israel Daylight Time),2022-04-08 0:00:13,2022-04-08 23:59:54,14541847,5093.2749440000125,1104419,0
,day,Thu Apr 07 2022 03:00:00 GMT+0300 (Israel Daylight Time),2022-04-07 0:00:35,2022-04-07 23:59:49,14535425,5803.682844999989,1127663,0
,day,Wed Apr 06 2022 03:00:00 GMT+0300 (Israel Daylight Time),2022-04-06 0:00:22,2022-04-06 23:59:31,14529007,5342.679156999999,1127174,0
,day,Tue Apr 05 2022 03:00:00 GMT+0300 (Israel Daylight Time),2022-04-05 0:00:09,2022-04-05 23:59:55,14522571,10362.83724200001,1087129,0
,day,Mon Apr 04 2022 03:00:00 GMT+0300 (Israel Daylight Time),2022-04-04 0:00:00,2022-04-04 23:59:29,14516248,5760.786404999996,1105170,0
,day,Sun Apr 03 2022 03:00:00 GMT+0300 (Israel Daylight Time),2022-04-03 0:00:06,2022-04-03 23:59:58,14509822,4878.112337000001,1060779,0
,day,Sat Apr 02 2022 03:00:00 GMT+0300 (Israel Daylight Time),2022-04-02 0:00:08,2022-04-02 23:59:59,14503465,4846.627952000017,1094668,0
,day,Fri Apr 01 2022 03:00:00 GMT+0300 (Israel Daylight Time),2022-04-01 0:00:21,2022-04-01 23:59:34,14497034,5976.149232999982,1159189,0
,day,Thu Mar 31 2022 03:00:00 GMT+0300 (Israel Daylight Time),2022-03-31 0:00:03,2022-03-31 23:59:56,14490620,4675.494109000011,1167121,0
,day,Wed Mar 30 2022 03:00:00 GMT+0300 (Israel Daylight Time),2022-03-30 0:00:24,2022-03-30 23:59:33,14484226,4742.088099000013,1152200,0
,day,Tue Mar 29 2022 03:00:00 GMT+0300 (Israel Daylight Time),2022-03-29 0:00:02,2022-03-29 23:59:41,14477774,4154.4432,1199899,0
,day,Mon Mar 28 2022 03:00:00 GMT+0300 (Israel Daylight Time),2022-03-28 0:01:09,2022-03-28 23:59:56,14471311,7143.552559999989,1218023,0
,day,Sun Mar 27 2022 03:00:00 GMT+0300 (Israel Daylight Time),2022-03-27 0:00:05,2022-03-27 23:59:41,14464916,4006.4721339999965,1122586,0
,day,Sat Mar 26 2022 03:00:00 GMT+0300 (Israel Daylight Time),2022-03-26 0:00:15,2022-03-26 23:59:53,14458509,2866.009195999999,1123878,0
,day,Fri Mar 25 2022 03:00:00 GMT+0300 (Israel Daylight Time),2022-03-25 0:00:00,2022-03-25 23:59:36,14452085,4229.677512000001,1146792,0
,day,Thu Mar 24 2022 02:00:00 GMT+0200 (Israel Standard Time),2022-03-24 0:00:36,2022-03-24 23:59:53,14445661,4522.030797000011,1151969,0
,day,Wed Mar 23 2022 02:00:00 GMT+0200 (Israel Standard Time),2022-03-23 0:00:07,2022-03-23 23:59:46,14439221,3432.2189279999866,1164437,0
,day,Tue Mar 22 2022 02:00:00 GMT+0200 (Israel Standard Time),2022-03-22 0:00:02,2022-03-22 23:59:44,14432775,3667.034426999984,1220571,0
,day,Mon Mar 21 2022 02:00:00 GMT+0200 (Israel Standard Time),2022-03-21 0:00:00,2022-03-21 23:59:53,14426368,2926.7975580000016,1162829,0
,day,Sun Mar 20 2022 02:00:00 GMT+0200 (Israel Standard Time),2022-03-20 0:00:11,2022-03-20 23:59:50,14419942,2246.178022999995,1119066,0
,day,Sat Mar 19 2022 02:00:00 GMT+0200 (Israel Standard Time),2022-03-19 0:00:09,2022-03-19 23:59:54,14413493,2698.519038000003,1127607,0
,day,Fri Mar 18 2022 02:00:00 GMT+0200 (Israel Standard Time),2022-03-18 0:00:08,2022-03-18 23:59:47,14407075,4973.724263000003,1265944,0
,day,Thu Mar 17 2022 02:00:00 GMT+0200 (Israel Standard Time),2022-03-17 0:00:07,2022-03-17 23:59:34,14400649,5581.944305000006,1174532,0
,day,Wed Mar 16 2022 02:00:00 GMT+0200 (Israel Standard Time),2022-03-16 0:00:05,2022-03-16 23:59:38,14394258,3630.232407999998,1235731,0
,day,Tue Mar 15 2022 02:00:00 GMT+0200 (Israel Standard Time),2022-03-15 0:00:03,2022-03-15 23:59:59,14387853,3296.425022000015,1190207,0
,day,Mon Mar 14 2022 02:00:00 GMT+0200 (Israel Standard Time),2022-03-14 0:00:04,2022-03-14 23:59:56,14381395,2853.137770000007,1097913,0
,day,Sun Mar 13 2022 02:00:00 GMT+0200 (Israel Standard Time),2022-03-13 0:00:01,2022-03-13 23:59:58,14375068,2432.973707999999,1041827,0
,day,Sat Mar 12 2022 02:00:00 GMT+0200 (Israel Standard Time),2022-03-12 0:00:05,2022-03-12 23:59:58,14368559,2086.610497999998,1120627,0
,day,Fri Mar 11 2022 02:00:00 GMT+0200 (Israel Standard Time),2022-03-11 0:00:09,2022-03-11 23:59:57,14362228,2682.2512399999882,1119334,0
,day,Thu Mar 10 2022 02:00:00 GMT+0200 (Israel Standard Time),2022-03-10 0:00:17,2022-03-10 23:59:54,14355748,2899.606348999993,1229591,0
,day,Wed Mar 09 2022 02:00:00 GMT+0200 (Israel Standard Time),2022-03-09 0:00:04,2022-03-09 23:59:44,14349240,3402.673884000007,1178322,0
,day,Tue Mar 08 2022 02:00:00 GMT+0200 (Israel Standard Time),2022-03-08 0:00:01,2022-03-08 23:59:25,14342848,3361.5191989999958,1195626,0
,day,Mon Mar 07 2022 02:00:00 GMT+0200 (Israel Standard Time),2022-03-07 0:00:15,2022-03-07 23:59:59,14336402,3556.506546999997,1174568,0
,day,Sun Mar 06 2022 02:00:00 GMT+0200 (Israel Standard Time),2022-03-06 0:00:17,2022-03-06 23:59:59,14329981,4336.564104000013,1123218,0
,day,Sat Mar 05 2022 02:00:00 GMT+0200 (Israel Standard Time),2022-03-05 0:00:30,2022-03-05 23:59:52,14323605,3179.076167000006,1077981,0
,day,Fri Mar 04 2022 02:00:00 GMT+0200 (Israel Standard Time),2022-03-04 0:00:20,2022-03-04 23:59:53,14317109,4322.76797499999,1167450,0
,day,Thu Mar 03 2022 02:00:00 GMT+0200 (Israel Standard Time),2022-03-03 0:00:02,2022-03-03 23:59:27,14310658,4429.670210000019,1167187,0
,day,Wed Mar 02 2022 02:00:00 GMT+0200 (Israel Standard Time),2022-03-02 0:00:00,2022-03-02 23:59:52,14304254,4913.753326999999,1191136,0
,day,Tue Mar 01 2022 02:00:00 GMT+0200 (Israel Standard Time),2022-03-01 0:00:18,2022-03-01 23:59:40,14297759,5374.649435000015,1161564,0
,day,Mon Feb 28 2022 02:00:00 GMT+0200 (Israel Standard Time),2022-02-28 0:00:00,2022-02-28 23:59:58,14291335,6554.419660999997,1108112,0
,day,Sun Feb 27 2022 02:00:00 GMT+0200 (Israel Standard Time),2022-02-27 0:00:02,2022-02-27 23:59:40,14284847,3919.1576929999987,1125065,0
,day,Sat Feb 26 2022 02:00:00 GMT+0200 (Israel Standard Time),2022-02-26 0:00:28,2022-02-26 23:59:49,14278387,4138.327187999991,1167802,0
,day,Fri Feb 25 2022 02:00:00 GMT+0200 (Israel Standard Time),2022-02-25 0:00:06,2022-02-25 23:59:57,14271957,5266.998128999997,1137898,0
,day,Thu Feb 24 2022 02:00:00 GMT+0200 (Israel Standard Time),2022-02-24 0:00:01,2022-02-24 23:59:52,14265472,7981.6286009999985,1181182,0
,day,Wed Feb 23 2022 02:00:00 GMT+0200 (Israel Standard Time),2022-02-23 0:00:27,2022-02-23 23:59:57,14258985,7467.836574999964,1147385,0
,day,Tue Feb 22 2022 02:00:00 GMT+0200 (Israel Standard Time),2022-02-22 0:00:01,2022-02-22 23:59:41,14252522,7879.2476529999985,1129213,0
,day,Mon Feb 21 2022 02:00:00 GMT+0200 (Israel Standard Time),2022-02-21 0:00:06,2022-02-21 23:59:56,14246088,8302.108700999985,1134349,0
,day,Sun Feb 20 2022 02:00:00 GMT+0200 (Israel Standard Time),2022-02-20 0:00:15,2022-02-20 23:59:44,14239570,5994.723356000032,1343869,0
,day,Sat Feb 19 2022 02:00:00 GMT+0200 (Israel Standard Time),2022-02-19 0:00:02,2022-02-19 23:59:57,14233163,5908.181561999992,1150162,0
,day,Fri Feb 18 2022 02:00:00 GMT+0200 (Israel Standard Time),2022-02-18 0:00:00,2022-02-18 23:59:54,14226745,8859.761466999951,1252453,0
,day,Thu Feb 17 2022 02:00:00 GMT+0200 (Israel Standard Time),2022-02-17 0:00:02,2022-02-17 23:59:34,14220269,6829.781182000018,1141997,0
,day,Wed Feb 16 2022 02:00:00 GMT+0200 (Israel Standard Time),2022-02-16 0:00:06,2022-02-16 23:59:51,14213859,7079.31891899999,1194693,0
,day,Tue Feb 15 2022 02:00:00 GMT+0200 (Israel Standard Time),2022-02-15 0:00:33,2022-02-15 23:59:49,14207339,5931.128063999994,1192633,0
,day,Mon Feb 14 2022 02:00:00 GMT+0200 (Israel Standard Time),2022-02-14 0:00:11,2022-02-14 23:59:27,14200888,5423.285848000007,1147466,0
,day,Sun Feb 13 2022 02:00:00 GMT+0200 (Israel Standard Time),2022-02-13 0:00:49,2022-02-13 23:59:45,14194418,5022.334039000004,1115294,0
,day,Sat Feb 12 2022 02:00:00 GMT+0200 (Israel Standard Time),2022-02-12 0:00:06,2022-02-12 23:59:57,14187947,5916.473228000016,1114648,0
,day,Fri Feb 11 2022 02:00:00 GMT+0200 (Israel Standard Time),2022-02-11 0:00:06,2022-02-11 23:59:15,14181427,6688.48827699999,1183966,0
,day,Thu Feb 10 2022 02:00:00 GMT+0200 (Israel Standard Time),2022-02-10 0:00:03,2022-02-10 23:59:59,14174989,8280.334507000016,1205676,0
,day,Wed Feb 09 2022 02:00:00 GMT+0200 (Israel Standard Time),2022-02-09 0:00:10,2022-02-09 23:59:42,14168512,8427.984283,1205889,0
,day,Tue Feb 08 2022 02:00:00 GMT+0200 (Israel Standard Time),2022-02-08 0:00:30,2022-02-08 23:58:55,14162082,8078.568226000004,1180420,0
,day,Mon Feb 07 2022 02:00:00 GMT+0200 (Israel Standard Time),2022-02-07 0:00:02,2022-02-07 23:59:53,14155621,10403.83715299996,1163034,0
,day,Sun Feb 06 2022 02:00:00 GMT+0200 (Israel Standard Time),2022-02-06 0:00:08,2022-02-06 23:59:59,14149082,6742.555942999967,1173290,0
,day,Sat Feb 05 2022 02:00:00 GMT+0200 (Israel Standard Time),2022-02-05 0:00:01,2022-02-05 23:59:55,14142695,6955.334512000018,1235023,0
,day,Fri Feb 04 2022 02:00:00 GMT+0200 (Israel Standard Time),2022-02-04 0:01:08,2022-02-04 23:59:55,14136139,9791.559800000032,1168720,0
,day,Thu Feb 03 2022 02:00:00 GMT+0200 (Israel Standard Time),2022-02-03 0:00:00,2022-02-03 23:59:59,14129716,10927.941538999978,1111215,0
,day,Wed Feb 02 2022 02:00:00 GMT+0200 (Israel Standard Time),2022-02-02 0:00:06,2022-02-02 23:59:33,14123262,13398.036100000023,1152665,0
,day,Tue Feb 01 2022 02:00:00 GMT+0200 (Israel Standard Time),2022-02-01 0:00:00,2022-02-01 23:59:57,14116761,13858.540589999962,1173199,0
,day,Mon Jan 31 2022 02:00:00 GMT+0200 (Israel Standard Time),2022-01-31 0:00:00,2022-01-31 23:59:27,14110299,10897.474489999995,1177345,0
,day,Sun Jan 30 2022 02:00:00 GMT+0200 (Israel Standard Time),2022-01-30 0:00:03,2022-01-30 23:59:57,14103760,10187.75069100002,1183850,0
,day,Sat Jan 29 2022 02:00:00 GMT+0200 (Israel Standard Time),2022-01-29 0:00:04,2022-01-29 23:59:07,14097299,10375.400880999981,1147157,0
,day,Fri Jan 28 2022 02:00:00 GMT+0200 (Israel Standard Time),2022-01-28 0:00:17,2022-01-28 23:59:48,14090827,12665.945755000024,1137559,0
,day,Thu Jan 27 2022 02:00:00 GMT+0200 (Israel Standard Time),2022-01-27 0:00:23,2022-01-27 23:59:47,14084333,14109.295089999981,1133331,0
,day,Wed Jan 26 2022 02:00:00 GMT+0200 (Israel Standard Time),2022-01-26 0:00:11,2022-01-26 23:59:21,14077906,12756.280565999987,1146116,0
,day,Tue Jan 25 2022 02:00:00 GMT+0200 (Israel Standard Time),2022-01-25 0:00:10,2022-01-25 23:59:46,14071446,12401.796181999993,1177640,0
,day,Mon Jan 24 2022 02:00:00 GMT+0200 (Israel Standard Time),2022-01-24 0:00:33,2022-01-24 23:58:13,14064997,12398.642249,1147109,0
,day,Sun Jan 23 2022 02:00:00 GMT+0200 (Israel Standard Time),2022-01-23 0:00:27,2022-01-23 23:59:59,14058541,11336.733240999954,1077884,0
,day,Sat Jan 22 2022 02:00:00 GMT+0200 (Israel Standard Time),2022-01-22 0:00:00,2022-01-22 23:59:26,14051985,14734.765489999989,1204920,0
,day,Fri Jan 21 2022 02:00:00 GMT+0200 (Israel Standard Time),2022-01-21 0:00:02,2022-01-21 23:59:59,14045592,16470.442962999994,1189898,0
,day,Thu Jan 20 2022 02:00:00 GMT+0200 (Israel Standard Time),2022-01-20 0:00:00,2022-01-20 23:59:54,14039103,12870.170066,1190018,0
,day,Wed Jan 19 2022 02:00:00 GMT+0200 (Israel Standard Time),2022-01-19 0:00:04,2022-01-19 23:59:34,14032630,11284.315669000009,1223143,0
,day,Tue Jan 18 2022 02:00:00 GMT+0200 (Israel Standard Time),2022-01-18 0:00:20,2022-01-18 23:59:45,14026168,10865.956368999947,1169526,0
,day,Mon Jan 17 2022 02:00:00 GMT+0200 (Israel Standard Time),2022-01-17 0:00:29,2022-01-17 23:59:57,14019700,12399.692946999947,1198372,0
,day,Sun Jan 16 2022 02:00:00 GMT+0200 (Israel Standard Time),2022-01-16 0:00:17,2022-01-16 23:59:44,14013196,12157.035742999951,1162954,0
,day,Sat Jan 15 2022 02:00:00 GMT+0200 (Israel Standard Time),2022-01-15 0:00:01,2022-01-15 23:59:56,14006710,12022.975571000008,1174849,0
,day,Fri Jan 14 2022 02:00:00 GMT+0200 (Israel Standard Time),2022-01-14 0:00:10,2022-01-14 23:59:53,14000271,17198.02463900005,1218436,0
,day,Thu Jan 13 2022 02:00:00 GMT+0200 (Israel Standard Time),2022-01-13 0:00:32,2022-01-13 23:59:54,13993833,15304.920479000024,1282921,0
,day,Wed Jan 12 2022 02:00:00 GMT+0200 (Israel Standard Time),2022-01-12 0:00:06,2022-01-12 23:59:39,13987376,16935.590503999996,1283346,0
,day,Tue Jan 11 2022 02:00:00 GMT+0200 (Israel Standard Time),2022-01-11 0:00:12,2022-01-11 23:59:58,13980849,17058.46669100003,1277649,0
,day,Mon Jan 10 2022 02:00:00 GMT+0200 (Israel Standard Time),2022-01-10 0:00:02,2022-01-10 23:59:58,13974427,19420.409847999974,1232965,0
,day,Sun Jan 09 2022 02:00:00 GMT+0200 (Israel Standard Time),2022-01-09 0:00:09,2022-01-09 23:59:59,13967922,14077.00772500004,1108184,0
,day,Sat Jan 08 2022 02:00:00 GMT+0200 (Israel Standard Time),2022-01-08 0:00:12,2022-01-08 23:59:27,13961397,10776.103815000002,1183873,0
,day,Fri Jan 07 2022 02:00:00 GMT+0200 (Israel Standard Time),2022-01-07 0:00:11,2022-01-07 23:59:41,13954974,13469.015678000018,1188490,0
,day,Thu Jan 06 2022 02:00:00 GMT+0200 (Israel Standard Time),2022-01-06 0:00:02,2022-01-06 23:59:50,13948582,12224.432393,1212100,0
,day,Wed Jan 05 2022 02:00:00 GMT+0200 (Israel Standard Time),2022-01-05 0:00:56,2022-01-05 23:59:53,13942122,13190.698895000034,1249628,0
,day,Tue Jan 04 2022 02:00:00 GMT+0200 (Israel Standard Time),2022-01-04 0:00:18,2022-01-04 23:59:57,13935628,11997.541864999941,1221316,0
,day,Mon Jan 03 2022 02:00:00 GMT+0200 (Israel Standard Time),2022-01-03 0:00:08,2022-01-03 23:59:39,13929167,9638.863320999959,1209173,0
,day,Sun Jan 02 2022 02:00:00 GMT+0200 (Israel Standard Time),2022-01-02 0:00:27,2022-01-02 23:59:50,13922672,9389.075925000017,1158900,0
,day,Sat Jan 01 2022 02:00:00 GMT+0200 (Israel Standard Time),2022-01-01 0:00:03,2022-01-01 23:59:51,13916166,7426.473783999996,1180989,0
,day,Fri Dec 31 2021 02:00:00 GMT+0200 (Israel Standard Time),2021-12-31 0:00:00,2021-12-31 23:59:49,13909787,8434.915623999983,1214585,0
,day,Thu Dec 30 2021 02:00:00 GMT+0200 (Israel Standard Time),2021-12-30 0:00:03,2021-12-30 23:59:36,13903355,9902.374519,1255688,0
,day,Wed Dec 29 2021 02:00:00 GMT+0200 (Israel Standard Time),2021-12-29 0:00:00,2021-12-29 23:59:56,13896836,11383.65376199999,1252422,0
,day,Tue Dec 28 2021 02:00:00 GMT+0200 (Israel Standard Time),2021-12-28 0:00:30,2021-12-28 23:59:54,13890394,9287.194951,1241032,0
,day,Mon Dec 27 2021 02:00:00 GMT+0200 (Israel Standard Time),2021-12-27 0:00:00,2021-12-27 23:59:54,13883917,7153.14596000003,1252037,0
,day,Sun Dec 26 2021 02:00:00 GMT+0200 (Israel Standard Time),2021-12-26 0:00:01,2021-12-26 23:59:56,13877450,5084.413530999979,1206754,0
,day,Sat Dec 25 2021 02:00:00 GMT+0200 (Israel Standard Time),2021-12-25 0:00:02,2021-12-25 23:59:56,13870990,6471.324294000015,1299519,0
,day,Fri Dec 24 2021 02:00:00 GMT+0200 (Israel Standard Time),2021-12-24 0:00:00,2021-12-24 23:59:25,13864522,6322.014011999986,1298329,0
,day,Thu Dec 23 2021 02:00:00 GMT+0200 (Israel Standard Time),2021-12-23 0:00:30,2021-12-23 23:59:56,13858107,7189.335547000019,1245242,0
,day,Wed Dec 22 2021 02:00:00 GMT+0200 (Israel Standard Time),2021-12-22 0:00:20,2021-12-22 23:59:53,13851681,7011.0358649999935,1233280,0
,day,Tue Dec 21 2021 02:00:00 GMT+0200 (Israel Standard Time),2021-12-21 0:00:06,2021-12-21 23:59:29,13845239,6117.7539549999765,1203550,0
,day,Mon Dec 20 2021 02:00:00 GMT+0200 (Israel Standard Time),2021-12-20 0:00:27,2021-12-20 23:59:47,13838694,6098.790829,1201239,0
,day,Sun Dec 19 2021 02:00:00 GMT+0200 (Israel Standard Time),2021-12-19 0:00:40,2021-12-19 23:59:57,13832241,4913.769126999993,1137581,0
,day,Sat Dec 18 2021 02:00:00 GMT+0200 (Israel Standard Time),2021-12-18 0:00:18,2021-12-18 23:59:53,13825733,6018.259995999999,1159873,0
,day,Fri Dec 17 2021 02:00:00 GMT+0200 (Israel Standard Time),2021-12-17 0:00:10,2021-12-17 23:59:46,13819265,7978.692779999994,1270355,0
,day,Thu Dec 16 2021 02:00:00 GMT+0200 (Israel Standard Time),2021-12-16 0:00:09,2021-12-16 23:59:45,13812868,9419.784282999984,1155456,0
,day,Wed Dec 15 2021 02:00:00 GMT+0200 (Israel Standard Time),2021-12-15 0:00:04,2021-12-15 23:59:29,13806390,8049.727761999997,1258462,0
,day,Tue Dec 14 2021 02:00:00 GMT+0200 (Israel Standard Time),2021-12-14 0:00:10,2021-12-14 23:59:49,13799999,6857.589705999987,1214900,0
,day,Mon Dec 13 2021 02:00:00 GMT+0200 (Israel Standard Time),2021-12-13 0:00:11,2021-12-13 23:59:44,13793513,7383.329547999987,1242978,0
,day,Sun Dec 12 2021 02:00:00 GMT+0200 (Israel Standard Time),2021-12-12 0:00:00,2021-12-12 23:59:56,13786990,5733.863413999997,1181623,0
,day,Sat Dec 11 2021 02:00:00 GMT+0200 (Israel Standard Time),2021-12-11 0:00:06,2021-12-11 23:59:23,13780502,6849.277394999989,1199193,0
,day,Fri Dec 10 2021 02:00:00 GMT+0200 (Israel Standard Time),2021-12-10 0:00:22,2021-12-10 23:59:48,13774075,8042.485784000004,1237735,0
,day,Thu Dec 09 2021 02:00:00 GMT+0200 (Israel Standard Time),2021-12-09 0:00:01,2021-12-09 23:59:41,13767793,7357.317718999989,1251338,0
,day,Wed Dec 08 2021 02:00:00 GMT+0200 (Israel Standard Time),2021-12-08 0:00:12,2021-12-08 23:59:32,13761568,7039.022293999989,1296307,0
,day,Tue Dec 07 2021 02:00:00 GMT+0200 (Israel Standard Time),2021-12-07 0:00:11,2021-12-07 23:59:55,13755302,8306.611277999998,1224771,0
,day,Mon Dec 06 2021 02:00:00 GMT+0200 (Israel Standard Time),2021-12-06 0:00:08,2021-12-06 23:59:58,13749029,9425.66817999999,1244773,0
,day,Sun Dec 05 2021 02:00:00 GMT+0200 (Israel Standard Time),2021-12-05 0:00:08,2021-12-05 23:59:58,13742801,8951.656580999967,1386491,0
,day,Sat Dec 04 2021 02:00:00 GMT+0200 (Israel Standard Time),2021-12-04 0:00:10,2021-12-04 23:59:42,13736624,12500.059420999976,1235697,0
,day,Fri Dec 03 2021 02:00:00 GMT+0200 (Israel Standard Time),2021-12-03 0:00:54,2021-12-03 23:59:53,13730330,9626.243780999994,1211488,0
,day,Thu Dec 02 2021 02:00:00 GMT+0200 (Israel Standard Time),2021-12-02 0:00:05,2021-12-02 23:59:15,13724084,10064.12135200005,1265286,0
,day,Wed Dec 01 2021 02:00:00 GMT+0200 (Israel Standard Time),2021-12-01 0:00:45,2021-12-01 23:59:40,13717847,12272.639464999957,1221259,0
,day,Tue Nov 30 2021 02:00:00 GMT+0200 (Israel Standard Time),2021-11-30 0:00:11,2021-11-30 23:59:50,13711588,12651.304886000034,1280775,0
,day,Mon Nov 29 2021 02:00:00 GMT+0200 (Israel Standard Time),2021-11-29 0:00:12,2021-11-29 23:59:43,13705381,10807.088243999984,1247688,0
,day,Sun Nov 28 2021 02:00:00 GMT+0200 (Israel Standard Time),2021-11-28 0:00:30,2021-11-28 23:59:58,13699125,10125.922206999992,1135653,0
,day,Sat Nov 27 2021 02:00:00 GMT+0200 (Israel Standard Time),2021-11-27 0:00:00,2021-11-27 23:59:50,13692739,10008.195638000027,1213284,0
,day,Fri Nov 26 2021 02:00:00 GMT+0200 (Israel Standard Time),2021-11-26 0:00:02,2021-11-26 23:59:03,13686521,9815.463441999984,1297524,0
,day,Thu Nov 25 2021 02:00:00 GMT+0200 (Israel Standard Time),2021-11-25 0:00:00,2021-11-25 23:59:48,13680218,10930.965010999986,1301578,0
,day,Wed Nov 24 2021 02:00:00 GMT+0200 (Israel Standard Time),2021-11-24 0:00:04,2021-11-24 23:59:55,13673914,11475.720164000017,1342491,0
,day,Tue Nov 23 2021 02:00:00 GMT+0200 (Israel Standard Time),2021-11-23 0:00:02,2021-11-23 23:59:56,13667575,12013.29653299997,1264801,0
,day,Mon Nov 22 2021 02:00:00 GMT+0200 (Israel Standard Time),2021-11-22 0:00:08,2021-11-22 23:59:59,13661208,13366.212087000014,1221508,0
,day,Sun Nov 21 2021 02:00:00 GMT+0200 (Israel Standard Time),2021-11-21 0:00:01,2021-11-21 23:59:39,13654921,9480.81343899997,1260939,0
,day,Sat Nov 20 2021 02:00:00 GMT+0200 (Israel Standard Time),2021-11-20 0:00:15,2021-11-20 23:59:59,13648626,9344.912938999982,1160128,0
,day,Fri Nov 19 2021 02:00:00 GMT+0200 (Israel Standard Time),2021-11-19 0:00:03,2021-11-19 23:59:22,13642394,10819.484239999962,1255593,0
,day,Thu Nov 18 2021 02:00:00 GMT+0200 (Israel Standard Time),2021-11-18 0:00:14,2021-11-18 23:59:27,13636022,12838.058795999954,1284250,0
,day,Wed Nov 17 2021 02:00:00 GMT+0200 (Israel Standard Time),2021-11-17 0:00:25,2021-11-17 23:59:59,13629632,12089.264963000009,1353219,0
,day,Tue Nov 16 2021 02:00:00 GMT+0200 (Israel Standard Time),2021-11-16 0:00:00,2021-11-16 23:59:54,13623378,12751.053399000015,1309767,0
,day,Mon Nov 15 2021 02:00:00 GMT+0200 (Israel Standard Time),2021-11-15 0:00:35,2021-11-15 23:59:58,13617059,13597.670065000033,1289636,0
,day,Sun Nov 14 2021 02:00:00 GMT+0200 (Israel Standard Time),2021-11-14 0:00:00,2021-11-14 23:59:46,13610714,10121.631011000009,1275744,0
,day,Sat Nov 13 2021 02:00:00 GMT+0200 (Israel Standard Time),2021-11-13 0:00:17,2021-11-13 23:59:49,13604388,11752.135339000004,1300348,0
,day,Fri Nov 12 2021 02:00:00 GMT+0200 (Israel Standard Time),2021-11-12 0:00:17,2021-11-12 23:59:26,13597967,13429.579511000004,1345131,0
,day,Thu Nov 11 2021 02:00:00 GMT+0200 (Israel Standard Time),2021-11-11 0:00:18,2021-11-11 23:59:36,13591594,14284.427858999972,1347643,0
,day,Wed Nov 10 2021 02:00:00 GMT+0200 (Israel Standard Time),2021-11-10 0:00:18,2021-11-10 23:58:59,13585212,15035.403839000004,1390746,0
,day,Tue Nov 09 2021 02:00:00 GMT+0200 (Israel Standard Time),2021-11-09 0:00:16,2021-11-09 23:59:58,13578840,15666.616791000042,1333928,0
,day,Mon Nov 08 2021 02:00:00 GMT+0200 (Israel Standard Time),2021-11-08 0:00:22,2021-11-08 23:59:21,13572494,11077.301342999968,1328946,0
,day,Sun Nov 07 2021 02:00:00 GMT+0200 (Israel Standard Time),2021-11-07 0:00:04,2021-11-07 23:59:38,13566042,8936.690200000017,1276998,0
,day,Sat Nov 06 2021 02:00:00 GMT+0200 (Israel Standard Time),2021-11-06 0:00:06,2021-11-06 23:59:44,13559703,10201.736871999994,1255603,0
,day,Fri Nov 05 2021 02:00:00 GMT+0200 (Israel Standard Time),2021-11-05 0:00:27,2021-11-05 23:59:55,13553257,12057.883654999972,1339661,0
,day,Thu Nov 04 2021 02:00:00 GMT+0200 (Israel Standard Time),2021-11-04 0:00:03,2021-11-04 23:59:41,13546975,12753.030086000046,1352186,0
,day,Wed Nov 03 2021 02:00:00 GMT+0200 (Israel Standard Time),2021-11-03 0:00:15,2021-11-03 23:59:55,13540590,14484.165620999964,1416997,0
,day,Tue Nov 02 2021 02:00:00 GMT+0200 (Israel Standard Time),2021-11-02 0:00:01,2021-11-02 23:59:41,13534282,15593.595910999962,1395656,0
,day,Mon Nov 01 2021 02:00:00 GMT+0200 (Israel Standard Time),2021-11-01 0:00:07,2021-11-01 23:59:59,13527859,14322.508654000023,1341733,0
,day,Sun Oct 31 2021 02:00:00 GMT+0200 (Israel Standard Time),2021-10-31 0:00:05,2021-10-31 23:59:20,13521542,13224.921625000019,1304184,0
,day,Sat Oct 30 2021 03:00:00 GMT+0300 (Israel Daylight Time),2021-10-30 0:00:00,2021-10-30 23:59:57,13515197,14342.941769999992,1379095,0
,day,Fri Oct 29 2021 03:00:00 GMT+0300 (Israel Daylight Time),2021-10-29 0:00:55,2021-10-29 23:59:52,13508829,15619.88005400001,1456333,0
,day,Thu Oct 28 2021 03:00:00 GMT+0300 (Israel Daylight Time),2021-10-28 0:00:12,2021-10-28 23:59:58,13502421,16852.13450499999,1510502,0
,day,Wed Oct 27 2021 03:00:00 GMT+0300 (Israel Daylight Time),2021-10-27 0:00:05,2021-10-27 23:59:31,13496076,14818.472244000015,1370504,0
,day,Tue Oct 26 2021 03:00:00 GMT+0300 (Israel Daylight Time),2021-10-26 0:00:08,2021-10-26 23:59:21,13489662,11259.16590099997,1344772,0
,day,Mon Oct 25 2021 03:00:00 GMT+0300 (Israel Daylight Time),2021-10-25 0:00:07,2021-10-25 23:59:27,13483244,8851.052509000008,1299495,0
,day,Sun Oct 24 2021 03:00:00 GMT+0300 (Israel Daylight Time),2021-10-24 0:00:19,2021-10-24 23:58:48,13476885,6562.807624000006,1261312,0
,day,Sat Oct 23 2021 03:00:00 GMT+0300 (Israel Daylight Time),2021-10-23 0:00:00,2021-10-23 23:59:52,13470537,5839.548065999992,1235169,0
,day,Fri Oct 22 2021 03:00:00 GMT+0300 (Israel Daylight Time),2021-10-22 0:00:10,2021-10-22 23:59:44,13464126,7878.413968999999,1256044,0
,day,Thu Oct 21 2021 03:00:00 GMT+0300 (Israel Daylight Time),2021-10-21 0:00:17,2021-10-21 23:59:54,13457639,8601.273766000017,1277275,0
,day,Wed Oct 20 2021 03:00:00 GMT+0300 (Israel Daylight Time),2021-10-20 0:00:00,2021-10-20 23:59:53,13451285,7183.219382000013,1259885,0
,day,Tue Oct 19 2021 03:00:00 GMT+0300 (Israel Daylight Time),2021-10-19 0:00:18,2021-10-19 23:59:48,13444845,6663.252973000016,1243503,0
,day,Mon Oct 18 2021 03:00:00 GMT+0300 (Israel Daylight Time),2021-10-18 0:00:35,2021-10-18 23:59:58,13438529,8521.684445999992,1197673,0
,day,Sun Oct 17 2021 03:00:00 GMT+0300 (Israel Daylight Time),2021-10-17 0:00:02,2021-10-17 23:59:59,13432144,6817.285629000001,1144184,0
,day,Sat Oct 16 2021 03:00:00 GMT+0300 (Israel Daylight Time),2021-10-16 0:00:11,2021-10-16 23:59:58,13425698,7808.831522999988,1181031,0
,day,Fri Oct 15 2021 03:00:00 GMT+0300 (Israel Daylight Time),2021-10-15 0:00:17,2021-10-15 23:59:21,13419380,11737.095911999988,1302993,0
,day,Thu Oct 14 2021 03:00:00 GMT+0300 (Israel Daylight Time),2021-10-14 0:00:14,2021-10-14 23:59:48,13413050,11896.270612999975,1227097,0
,day,Wed Oct 13 2021 03:00:00 GMT+0300 (Israel Daylight Time),2021-10-13 0:00:02,2021-10-13 23:59:59,13406730,8769.781424000012,1189854,0
,day,Tue Oct 12 2021 03:00:00 GMT+0300 (Israel Daylight Time),2021-10-12 0:00:39,2021-10-12 23:59:39,13400377,8018.627243000027,1203566,0
,day,Mon Oct 11 2021 03:00:00 GMT+0300 (Israel Daylight Time),2021-10-11 0:00:16,2021-10-11 23:59:45,13393995,9777.610736999957,1183486,0
,day,Sun Oct 10 2021 03:00:00 GMT+0300 (Israel Daylight Time),2021-10-10 0:00:03,2021-10-10 23:59:09,13387620,7312.910979000026,1137857,0
,day,Sat Oct 09 2021 03:00:00 GMT+0300 (Israel Daylight Time),2021-10-09 0:00:36,2021-10-09 23:59:47,13381271,7199.017724000008,1191856,0
,day,Fri Oct 08 2021 03:00:00 GMT+0300 (Israel Daylight Time),2021-10-08 0:00:20,2021-10-08 23:59:53,13374854,11520.330663000019,1287034,0
,day,Thu Oct 07 2021 03:00:00 GMT+0300 (Israel Daylight Time),2021-10-07 0:00:09,2021-10-07 23:59:51,13368530,12666.752401000018,1344295,0
,day,Wed Oct 06 2021 03:00:00 GMT+0300 (Israel Daylight Time),2021-10-06 0:00:02,2021-10-06 23:59:46,13362103,13315.176880999996,1337584,0
,day,Tue Oct 05 2021 03:00:00 GMT+0300 (Israel Daylight Time),2021-10-05 0:00:16,2021-10-05 23:59:54,13355692,11446.725829000017,1235674,0
,day,Mon Oct 04 2021 03:00:00 GMT+0300 (Israel Daylight Time),2021-10-04 0:00:32,2021-10-04 23:59:49,13349326,9187.590858000005,1121513,0
,day,Sun Oct 03 2021 03:00:00 GMT+0300 (Israel Daylight Time),2021-10-03 0:00:05,2021-10-03 23:59:55,13342963,5514.2917769999685,1130224,0
,day,Sat Oct 02 2021 03:00:00 GMT+0300 (Israel Daylight Time),2021-10-02 0:00:05,2021-10-02 23:59:59,13336575,5560.120622000013,1117899,0
,day,Fri Oct 01 2021 03:00:00 GMT+0300 (Israel Daylight Time),2021-10-01 0:00:00,2021-10-01 23:59:58,13330090,7985.601424000012,1207263,0
,day,Thu Sep 30 2021 03:00:00 GMT+0300 (Israel Daylight Time),2021-09-30 0:00:00,2021-09-30 23:59:56,13323752,10238.83027699999,1115943,0
,day,Wed Sep 29 2021 03:00:00 GMT+0300 (Israel Daylight Time),2021-09-29 0:00:02,2021-09-29 23:59:49,13317340,7467.092861999979,1135869,0
,day,Tue Sep 28 2021 03:00:00 GMT+0300 (Israel Daylight Time),2021-09-28 0:00:06,2021-09-28 23:59:50,13310982,7970.4658159999735,1107780,0
,day,Mon Sep 27 2021 03:00:00 GMT+0300 (Israel Daylight Time),2021-09-27 0:00:01,2021-09-27 23:59:41,13304528,7657.3966430000055,1133633,0
,day,Sun Sep 26 2021 03:00:00 GMT+0300 (Israel Daylight Time),2021-09-26 0:00:10,2021-09-26 23:59:25,13298126,5921.79876199999,1088537,0
,day,Sat Sep 25 2021 03:00:00 GMT+0300 (Israel Daylight Time),2021-09-25 0:00:01,2021-09-25 23:59:44,13291553,4322.253987999996,1121078,0
,day,Fri Sep 24 2021 03:00:00 GMT+0300 (Israel Daylight Time),2021-09-24 0:00:19,2021-09-24 23:59:50,13285098,6572.077208999998,1152685,0
,day,Thu Sep 23 2021 03:00:00 GMT+0300 (Israel Daylight Time),2021-09-23 0:00:03,2021-09-23 23:59:58,13278687,6602.107475999998,1193053,0
,day,Wed Sep 22 2021 03:00:00 GMT+0300 (Israel Daylight Time),2021-09-22 0:00:00,2021-09-22 23:59:59,13272250,6180.874042999992,1174030,0
,day,Tue Sep 21 2021 03:00:00 GMT+0300 (Israel Daylight Time),2021-09-21 0:00:08,2021-09-21 23:59:07,13265754,9169.959326999975,1193295,0
,day,Mon Sep 20 2021 03:00:00 GMT+0300 (Israel Daylight Time),2021-09-20 0:00:18,2021-09-20 23:59:48,13259322,7893.915846000005,1174559,0
,day,Sun Sep 19 2021 03:00:00 GMT+0300 (Israel Daylight Time),2021-09-19 0:00:06,2021-09-19 23:59:48,13252814,4963.513211000004,1128226,0
,day,Sat Sep 18 2021 03:00:00 GMT+0300 (Israel Daylight Time),2021-09-18 0:00:05,2021-09-18 23:59:42,13246363,4928.899682000001,1143178,0
,day,Fri Sep 17 2021 03:00:00 GMT+0300 (Israel Daylight Time),2021-09-17 0:00:03,2021-09-17 23:59:48,13239896,6899.220670000018,1187483,0
,day,Thu Sep 16 2021 03:00:00 GMT+0300 (Israel Daylight Time),2021-09-16 0:00:07,2021-09-16 23:59:41,13233404,7725.724053999988,1224358,0
,day,Wed Sep 15 2021 03:00:00 GMT+0300 (Israel Daylight Time),2021-09-15 0:00:28,2021-09-15 23:59:59,13226950,6232.751994000019,1207590,0
,day,Tue Sep 14 2021 03:00:00 GMT+0300 (Israel Daylight Time),2021-09-14 0:00:19,2021-09-14 23:58:55,13220489,6581.858130000015,1231240,0
,day,Mon Sep 13 2021 03:00:00 GMT+0300 (Israel Daylight Time),2021-09-13 0:00:15,2021-09-13 23:59:36,13214077,6917.088688000015,1267491,0
,day,Sun Sep 12 2021 03:00:00 GMT+0300 (Israel Daylight Time),2021-09-12 0:00:00,2021-09-12 23:59:46,13207539,5758.334101999984,1211328,0
,day,Sat Sep 11 2021 03:00:00 GMT+0300 (Israel Daylight Time),2021-09-11 0:00:00,2021-09-11 23:59:52,13201143,5824.104806999997,1249438,0
,day,Fri Sep 10 2021 03:00:00 GMT+0300 (Israel Daylight Time),2021-09-10 0:00:08,2021-09-10 23:59:57,13194684,8663.288085000017,1244706,0
,day,Thu Sep 09 2021 03:00:00 GMT+0300 (Israel Daylight Time),2021-09-09 0:00:10,2021-09-09 23:59:42,13188218,13276.65004800001,1219850,0
,day,Wed Sep 08 2021 03:00:00 GMT+0300 (Israel Daylight Time),2021-09-08 0:00:26,2021-09-08 23:59:57,13181723,14253.615318000011,1178449,0
,day,Tue Sep 07 2021 03:00:00 GMT+0300 (Israel Daylight Time),2021-09-07 0:00:07,2021-09-07 23:59:58,13175306,14084.958298999994,1308071,0
,day,Mon Sep 06 2021 03:00:00 GMT+0300 (Israel Daylight Time),2021-09-06 0:00:01,2021-09-06 23:59:55,13168847,10498.629815999984,1206493,0
,day,Sun Sep 05 2021 03:00:00 GMT+0300 (Israel Daylight Time),2021-09-05 0:00:00,2021-09-05 23:59:52,13162318,9929.14815699998,1136467,0
,day,Sat Sep 04 2021 03:00:00 GMT+0300 (Israel Daylight Time),2021-09-04 0:00:03,2021-09-04 23:59:50,13155889,10657.97860700003,1189085,0
,day,Fri Sep 03 2021 03:00:00 GMT+0300 (Israel Daylight Time),2021-09-03 0:00:20,2021-09-03 23:59:57,13149423,13838.37165999998,1198777,0
,day,Thu Sep 02 2021 03:00:00 GMT+0300 (Israel Daylight Time),2021-09-02 0:00:00,2021-09-02 23:59:54,13142882,10128.11262499999,1261258,0
,day,Wed Sep 01 2021 03:00:00 GMT+0300 (Israel Daylight Time),2021-09-01 0:00:12,2021-09-01 23:59:54,13136427,11458.101710999996,1225104,0
,day,Tue Aug 31 2021 03:00:00 GMT+0300 (Israel Daylight Time),2021-08-31 0:00:08,2021-08-31 23:59:55,13129984,10932.835504999988,1206314,0
,day,Mon Aug 30 2021 03:00:00 GMT+0300 (Israel Daylight Time),2021-08-30 0:00:35,2021-08-30 23:59:54,13123512,10062.378527000023,1198993,0
,day,Sun Aug 29 2021 03:00:00 GMT+0300 (Israel Daylight Time),2021-08-29 0:00:19,2021-08-29 23:59:41,13117023,8345.451128000013,1147150,0
,day,Sat Aug 28 2021 03:00:00 GMT+0300 (Israel Daylight Time),2021-08-28 0:00:13,2021-08-28 23:59:54,13110563,7740.499321000016,1131721,0
,day,Fri Aug 27 2021 03:00:00 GMT+0300 (Israel Daylight Time),2021-08-27 0:00:06,2021-08-27 23:59:58,13104132,11127.558326000002,1119072,0
,day,Thu Aug 26 2021 03:00:00 GMT+0300 (Israel Daylight Time),2021-08-26 0:00:31,2021-08-26 23:59:54,13097628,8288.060544999995,1175063,0
,day,Wed Aug 25 2021 03:00:00 GMT+0300 (Israel Daylight Time),2021-08-25 0:00:10,2021-08-25 23:59:39,13091189,8404.339531999993,1184767,0
,day,Tue Aug 24 2021 03:00:00 GMT+0300 (Israel Daylight Time),2021-08-24 0:00:01,2021-08-24 23:59:56,13084680,7191.723257000009,1247051,0
,day,Mon Aug 23 2021 03:00:00 GMT+0300 (Israel Daylight Time),2021-08-23 0:00:28,2021-08-23 23:59:59,13078271,5387.566431000003,1245624,0
,day,Sun Aug 22 2021 03:00:00 GMT+0300 (Israel Daylight Time),2021-08-22 0:00:08,2021-08-22 23:59:52,13071750,3097.329126000004,1183893,0
,day,Sat Aug 21 2021 03:00:00 GMT+0300 (Israel Daylight Time),2021-08-21 0:00:09,2021-08-21 23:59:46,13065319,3063.1997360000078,1186734,0
,day,Fri Aug 20 2021 03:00:00 GMT+0300 (Israel Daylight Time),2021-08-20 0:00:14,2021-08-20 23:59:51,13058860,3483.1309750000023,1260039,0
,day,Thu Aug 19 2021 03:00:00 GMT+0300 (Israel Daylight Time),2021-08-19 0:00:10,2021-08-19 23:59:48,13052295,3560.8530389999983,1255277,0
,day,Wed Aug 18 2021 03:00:00 GMT+0300 (Israel Daylight Time),2021-08-18 0:00:00,2021-08-18 23:59:50,13045896,3869.736296999998,1201544,0
,day,Tue Aug 17 2021 03:00:00 GMT+0300 (Israel Daylight Time),2021-08-17 0:00:00,2021-08-17 23:59:58,13039380,4333.4508789999945,1252004,0
,day,Mon Aug 16 2021 03:00:00 GMT+0300 (Israel Daylight Time),2021-08-16 0:00:05,2021-08-16 23:59:43,13032880,4769.676939999999,1253968,0
,day,Sun Aug 15 2021 03:00:00 GMT+0300 (Israel Daylight Time),2021-08-15 0:00:03,2021-08-15 23:59:54,13026460,5277.156871999979,1125295,0
,day,Sat Aug 14 2021 03:00:00 GMT+0300 (Israel Daylight Time),2021-08-14 0:00:03,2021-08-14 23:59:58,13019960,4220.700390999999,1159942,0
,day,Fri Aug 13 2021 03:00:00 GMT+0300 (Israel Daylight Time),2021-08-13 0:00:05,2021-08-13 23:59:57,13013486,4750.4429479999935,1197050,0
,day,Thu Aug 12 2021 03:00:00 GMT+0300 (Israel Daylight Time),2021-08-12 0:00:08,2021-08-12 23:59:54,13006976,4953.001458999982,1195283,0
,day,Wed Aug 11 2021 03:00:00 GMT+0300 (Israel Daylight Time),2021-08-11 0:00:04,2021-08-11 23:59:53,13000575,5225.963633999996,1234262,0
,day,Tue Aug 10 2021 03:00:00 GMT+0300 (Israel Daylight Time),2021-08-10 0:00:00,2021-08-10 23:59:46,12994068,5313.683910000013,1212289,0
,day,Mon Aug 09 2021 03:00:00 GMT+0300 (Israel Daylight Time),2021-08-09 0:00:03,2021-08-09 23:59:47,12987563,4247.410724999999,1218594,0
,day,Sun Aug 08 2021 03:00:00 GMT+0300 (Israel Daylight Time),2021-08-08 0:00:00,2021-08-08 23:59:56,12981067,4191.017322000009,1184163,0
,day,Sat Aug 07 2021 03:00:00 GMT+0300 (Israel Daylight Time),2021-08-07 0:00:27,2021-08-07 23:59:45,12974518,4218.14739,1198433,0
,day,Fri Aug 06 2021 03:00:00 GMT+0300 (Israel Daylight Time),2021-08-06 0:00:06,2021-08-06 23:59:48,12968067,4106.955966000008,1212021,0
,day,Thu Aug 05 2021 03:00:00 GMT+0300 (Israel Daylight Time),2021-08-05 0:00:04,2021-08-05 23:59:51,12961718,3053.7336559999953,1159647,0
,day,Sat May 28 2022 03:00:00 GMT+0300 (Israel Daylight Time),2022-05-28 0:00:14,2022-05-28 16:47:25,14857112,1360.7836160000013,738501,
,day,Fri May 27 2022 03:00:00 GMT+0300 (Israel Daylight Time),2022-05-27 0:00:04,2022-05-27 23:59:49,14850894,3686.5791810000046,1093469,
,day,Thu May 26 2022 03:00:00 GMT+0300 (Israel Daylight Time),2022-05-26 0:00:22,2022-05-26 23:59:56,14844802,4100.059456999993,1071180,
,day,Wed May 25 2022 03:00:00 GMT+0300 (Israel Daylight Time),2022-05-25 0:00:11,2022-05-25 23:59:44,14838637,3031.8287949999967,1094639,
,day,Tue May 24 2022 03:00:00 GMT+0300 (Israel Daylight Time),2022-05-24 0:00:23,2022-05-24 23:59:58,14832563,2493.0597709999925,1100715,
,day,Mon May 23 2022 03:00:00 GMT+0300 (Israel Daylight Time),2022-05-23 0:00:19,2022-05-23 23:59:36,14826344,2248.947919999996,1085863,
,day,Sun May 22 2022 03:00:00 GMT+0300 (Israel Daylight Time),2022-05-22 0:00:12,2022-05-22 23:59:39,14820222,1970.0657859999976,1055644,
,day,Sat May 21 2022 03:00:00 GMT+0300 (Israel Daylight Time),2022-05-21 0:00:03,2022-05-21 23:59:33,14814062,1756.1951850000007,1094539,
,day,Fri May 20 2022 03:00:00 GMT+0300 (Israel Daylight Time),2022-05-20 0:00:09,2022-05-20 23:59:32,14807908,2513.5489020000077,1112811,
,day,Thu May 19 2022 03:00:00 GMT+0300 (Israel Daylight Time),2022-05-19 0:00:10,2022-05-19 23:59:52,14801796,2226.9049179999906,1093367,
,day,Wed May 18 2022 03:00:00 GMT+0300 (Israel Daylight Time),2022-05-18 0:00:41,2022-05-18 23:59:42,14795550,2387.545553999994,1177913,
,day,Tue May 17 2022 03:00:00 GMT+0300 (Israel Daylight Time),2022-05-17 0:00:06,2022-05-17 23:59:41,14789265,3064.668088000004,1135718,
,day,Mon May 16 2022 03:00:00 GMT+0300 (Israel Daylight Time),2022-05-16 0:00:39,2022-05-16 23:59:51,14782977,2124.026640000001,1124352,
,day,Sun May 15 2022 03:00:00 GMT+0300 (Israel Daylight Time),2022-05-15 0:00:20,2022-05-15 23:59:39,14776688,2103.855103000006,1089441,
,day,Sat May 14 2022 03:00:00 GMT+0300 (Israel Daylight Time),2022-05-14 0:00:11,2022-05-14 23:59:59,14770451,3117.4669890000037,1139785,
,day,Fri May 13 2022 03:00:00 GMT+0300 (Israel Daylight Time),2022-05-13 0:00:05,2022-05-13 23:59:57,14764084,6894.901432999983,1342405,
,day,Thu May 12 2022 03:00:00 GMT+0300 (Israel Daylight Time),2022-05-12 0:00:10,2022-05-12 23:59:36,14757896,18460.76944599996,1327755,
,day,Wed May 11 2022 03:00:00 GMT+0300 (Israel Daylight Time),2022-05-11 0:00:06,2022-05-11 23:59:52,14751558,12368.406602000006,1210708,
,day,Tue May 10 2022 03:00:00 GMT+0300 (Israel Daylight Time),2022-05-10 0:00:04,2022-05-10 23:59:58,14745350,5065.107806000006,1202934,
,day,Mon May 09 2022 03:00:00 GMT+0300 (Israel Daylight Time),2022-05-09 0:00:03,2022-05-09 23:59:29,14739155,5360.375985000016,1158340,
,day,Sun May 08 2022 03:00:00 GMT+0300 (Israel Daylight Time),2022-05-08 0:00:29,2022-05-08 23:59:54,14732822,2313.191060000008,1087198,
,day,Sat May 07 2022 03:00:00 GMT+0300 (Israel Daylight Time),2022-05-07 0:00:05,2022-05-07 23:59:56,14726564,2894.1979899999956,1051489,
,day,Fri May 06 2022 03:00:00 GMT+0300 (Israel Daylight Time),2022-05-06 0:00:05,2022-05-06 23:59:42,14720259,3935.736541999998,1116562,
,day,Thu May 05 2022 03:00:00 GMT+0300 (Israel Daylight Time),2022-05-05 0:00:27,2022-05-05 23:59:52,14713964,5133.7695279999825,1187804,
,day,Wed May 04 2022 03:00:00 GMT+0300 (Israel Daylight Time),2022-05-04 0:00:07,2022-05-04 23:59:53,14707706,4419.2142829999875,1102254,
,day,Tue May 03 2022 03:00:00 GMT+0300 (Israel Daylight Time),2022-05-03 0:00:04,2022-05-03 23:59:52,14701369,5656.655476,1077506,
,day,Mon May 02 2022 03:00:00 GMT+0300 (Israel Daylight Time),2022-05-02 0:00:03,2022-05-02 23:59:50,14695011,6204.5197649999745,1112065,
,day,Sun May 01 2022 03:00:00 GMT+0300 (Israel Daylight Time),2022-05-01 0:00:05,2022-05-01 23:59:13,14688630,71718.34102799992,1154787,
,day,Sat Apr 30 2022 03:00:00 GMT+0300 (Israel Daylight Time),2022-04-30 0:00:08,2022-04-30 23:59:37,14682282,4282.81176399999,1211671,
,day,Fri Apr 29 2022 03:00:00 GMT+0300 (Israel Daylight Time),2022-04-29 0:00:58,2022-04-29 23:59:48,14675906,4524.477432999983,1168081,
,day,Thu Apr 28 2022 03:00:00 GMT+0300 (Israel Daylight Time),2022-04-28 0:00:02,2022-04-28 23:59:51,14669558,4531.912967999991,1155514,
,day,Wed Apr 27 2022 03:00:00 GMT+0300 (Israel Daylight Time),2022-04-27 0:00:17,2022-04-27 23:59:57,14663177,4515.339819000005,1161504,
,day,Tue Apr 26 2022 03:00:00 GMT+0300 (Israel Daylight Time),2022-04-26 0:00:02,2022-04-26 23:59:54,14656857,4276.617892000002,1125250,
,day,Mon Apr 25 2022 03:00:00 GMT+0300 (Israel Daylight Time),2022-04-25 0:00:04,2022-04-25 23:59:57,14650515,4852.152435999997,1149227,
,day,Sun Apr 24 2022 03:00:00 GMT+0300 (Israel Daylight Time),2022-04-24 0:00:02,2022-04-24 23:59:56,14644142,2982.481536000001,1071778,
,day,Sat Apr 23 2022 03:00:00 GMT+0300 (Israel Daylight Time),2022-04-23 0:00:16,2022-04-23 23:59:59,14637771,2980.1878729999935,1051478,
,day,Fri Apr 22 2022 03:00:00 GMT+0300 (Israel Daylight Time),2022-04-22 0:00:09,2022-04-22 23:59:55,14631357,4670.094061000011,1144822,
,day,Thu Apr 21 2022 03:00:00 GMT+0300 (Israel Daylight Time),2022-04-21 0:00:08,2022-04-21 23:59:44,14625067,5562.749517999985,1119925,
,day,Wed Apr 20 2022 03:00:00 GMT+0300 (Israel Daylight Time),2022-04-20 0:00:45,2022-04-20 23:59:50,14618643,6598.226891000016,1241534,
,day,Tue Apr 19 2022 03:00:00 GMT+0300 (Israel Daylight Time),2022-04-19 0:00:05,2022-04-19 23:59:57,14612234,3704.033094,1214496,
,day,Mon Apr 18 2022 03:00:00 GMT+0300 (Israel Daylight Time),2022-04-18 0:00:09,2022-04-18 23:59:59,14605884,3264.0256099999924,1103318,
,day,Sun Apr 17 2022 03:00:00 GMT+0300 (Israel Daylight Time),2022-04-17 0:00:12,2022-04-17 23:59:46,14599453,2287.9881960000025,1043251,
,day,Sat Apr 16 2022 03:00:00 GMT+0300 (Israel Daylight Time),2022-04-16 0:00:56,2022-04-16 23:59:55,14593049,2722.9550790000017,1059286,
,day,Fri Apr 15 2022 03:00:00 GMT+0300 (Israel Daylight Time),2022-04-15 0:00:36,2022-04-15 23:59:59,14586628,3675.0672160000026,1110994,
,day,Thu Apr 14 2022 03:00:00 GMT+0300 (Israel Daylight Time),2022-04-14 0:00:06,2022-04-14 23:59:58,14580220,4420.304939000006,1117285,
,day,Wed Apr 13 2022 03:00:00 GMT+0300 (Israel Daylight Time),2022-04-13 0:00:14,2022-04-13 23:59:56,14573908,4225.808048000006,1067983,
,day,Tue Apr 12 2022 03:00:00 GMT+0300 (Israel Daylight Time),2022-04-12 0:00:14,2022-04-12 23:59:41,14567462,4288.699978999998,1112524,
,day,Mon Apr 11 2022 03:00:00 GMT+0300 (Israel Daylight Time),2022-04-11 0:00:03,2022-04-11 23:59:45,14561015,4216.973879999997,1113264,
,day,Sun Apr 10 2022 03:00:00 GMT+0300 (Israel Daylight Time),2022-04-10 0:00:01,2022-04-10 23:59:59,14554614,3185.745036999986,1104239,
,day,Sat Apr 09 2022 03:00:00 GMT+0300 (Israel Daylight Time),2022-04-09 0:00:00,2022-04-09 23:59:55,14548185,3253.1760170000052,1085399,
,day,Fri Apr 08 2022 03:00:00 GMT+0300 (Israel Daylight Time),2022-04-08 0:00:13,2022-04-08 23:59:54,14541847,5093.2749440000125,1104419,
,day,Thu Apr 07 2022 03:00:00 GMT+0300 (Israel Daylight Time),2022-04-07 0:00:35,2022-04-07 23:59:49,14535425,5803.682844999989,1127663,
,day,Wed Apr 06 2022 03:00:00 GMT+0300 (Israel Daylight Time),2022-04-06 0:00:22,2022-04-06 23:59:31,14529007,5342.679156999999,1127174,
,day,Tue Apr 05 2022 03:00:00 GMT+0300 (Israel Daylight Time),2022-04-05 0:00:09,2022-04-05 23:59:55,14522571,10362.83724200001,1087129,
,day,Mon Apr 04 2022 03:00:00 GMT+0300 (Israel Daylight Time),2022-04-04 0:00:00,2022-04-04 23:59:29,14516248,5760.786404999996,1105170,
,day,Sun Apr 03 2022 03:00:00 GMT+0300 (Israel Daylight Time),2022-04-03 0:00:06,2022-04-03 23:59:58,14509822,4878.112337000001,1060779,
,day,Sat Apr 02 2022 03:00:00 GMT+0300 (Israel Daylight Time),2022-04-02 0:00:08,2022-04-02 23:59:59,14503465,4846.627952000017,1094668,
,day,Fri Apr 01 2022 03:00:00 GMT+0300 (Israel Daylight Time),2022-04-01 0:00:21,2022-04-01 23:59:34,14497034,5976.149232999982,1159189,
,day,Thu Mar 31 2022 03:00:00 GMT+0300 (Israel Daylight Time),2022-03-31 0:00:03,2022-03-31 23:59:56,14490620,4675.494109000011,1167121,
,day,Wed Mar 30 2022 03:00:00 GMT+0300 (Israel Daylight Time),2022-03-30 0:00:24,2022-03-30 23:59:33,14484226,4742.088099000013,1152200,
,day,Tue Mar 29 2022 03:00:00 GMT+0300 (Israel Daylight Time),2022-03-29 0:00:02,2022-03-29 23:59:41,14477774,4154.4432,1199899,
,day,Mon Mar 28 2022 03:00:00 GMT+0300 (Israel Daylight Time),2022-03-28 0:01:09,2022-03-28 23:59:56,14471311,7143.552559999989,1218023,
,day,Sun Mar 27 2022 03:00:00 GMT+0300 (Israel Daylight Time),2022-03-27 0:00:05,2022-03-27 23:59:41,14464916,4006.4721339999965,1122586,
,day,Sat Mar 26 2022 03:00:00 GMT+0300 (Israel Daylight Time),2022-03-26 0:00:15,2022-03-26 23:59:53,14458509,2866.009195999999,1123878,
,day,Fri Mar 25 2022 03:00:00 GMT+0300 (Israel Daylight Time),2022-03-25 0:00:00,2022-03-25 23:59:36,14452085,4229.677512000001,1146792,
,day,Thu Mar 24 2022 02:00:00 GMT+0200 (Israel Standard Time),2022-03-24 0:00:36,2022-03-24 23:59:53,14445661,4522.030797000011,1151969,
,day,Wed Mar 23 2022 02:00:00 GMT+0200 (Israel Standard Time),2022-03-23 0:00:07,2022-03-23 23:59:46,14439221,3432.2189279999866,1164437,
,day,Tue Mar 22 2022 02:00:00 GMT+0200 (Israel Standard Time),2022-03-22 0:00:02,2022-03-22 23:59:44,14432775,3667.034426999984,1220571,
,day,Mon Mar 21 2022 02:00:00 GMT+0200 (Israel Standard Time),2022-03-21 0:00:00,2022-03-21 23:59:53,14426368,2926.7975580000016,1162829,
,day,Sun Mar 20 2022 02:00:00 GMT+0200 (Israel Standard Time),2022-03-20 0:00:11,2022-03-20 23:59:50,14419942,2246.178022999995,1119066,
,day,Sat Mar 19 2022 02:00:00 GMT+0200 (Israel Standard Time),2022-03-19 0:00:09,2022-03-19 23:59:54,14413493,2698.519038000003,1127607,
,day,Fri Mar 18 2022 02:00:00 GMT+0200 (Israel Standard Time),2022-03-18 0:00:08,2022-03-18 23:59:47,14407075,4973.724263000003,1265944,
,day,Thu Mar 17 2022 02:00:00 GMT+0200 (Israel Standard Time),2022-03-17 0:00:07,2022-03-17 23:59:34,14400649,5581.944305000006,1174532,
,day,Wed Mar 16 2022 02:00:00 GMT+0200 (Israel Standard Time),2022-03-16 0:00:05,2022-03-16 23:59:38,14394258,3630.232407999998,1235731,
,day,Tue Mar 15 2022 02:00:00 GMT+0200 (Israel Standard Time),2022-03-15 0:00:03,2022-03-15 23:59:59,14387853,3296.425022000015,1190207,
,day,Mon Mar 14 2022 02:00:00 GMT+0200 (Israel Standard Time),2022-03-14 0:00:04,2022-03-14 23:59:56,14381395,2853.137770000007,1097913,
,day,Sun Mar 13 2022 02:00:00 GMT+0200 (Israel Standard Time),2022-03-13 0:00:01,2022-03-13 23:59:58,14375068,2432.973707999999,1041827,
,day,Sat Mar 12 2022 02:00:00 GMT+0200 (Israel Standard Time),2022-03-12 0:00:05,2022-03-12 23:59:58,14368559,2086.610497999998,1120627,
,day,Fri Mar 11 2022 02:00:00 GMT+0200 (Israel Standard Time),2022-03-11 0:00:09,2022-03-11 23:59:57,14362228,2682.2512399999882,1119334,
,day,Thu Mar 10 2022 02:00:00 GMT+0200 (Israel Standard Time),2022-03-10 0:00:17,2022-03-10 23:59:54,14355748,2899.606348999993,1229591,
,day,Wed Mar 09 2022 02:00:00 GMT+0200 (Israel Standard Time),2022-03-09 0:00:04,2022-03-09 23:59:44,14349240,3402.673884000007,1178322,
,day,Tue Mar 08 2022 02:00:00 GMT+0200 (Israel Standard Time),2022-03-08 0:00:01,2022-03-08 23:59:25,14342848,3361.5191989999958,1195626,
,day,Mon Mar 07 2022 02:00:00 GMT+0200 (Israel Standard Time),2022-03-07 0:00:15,2022-03-07 23:59:59,14336402,3556.506546999997,1174568,
,day,Sun Mar 06 2022 02:00:00 GMT+0200 (Israel Standard Time),2022-03-06 0:00:17,2022-03-06 23:59:59,14329981,4336.564104000013,1123218,
,day,Sat Mar 05 2022 02:00:00 GMT+0200 (Israel Standard Time),2022-03-05 0:00:30,2022-03-05 23:59:52,14323605,3179.076167000006,1077981,
,day,Fri Mar 04 2022 02:00:00 GMT+0200 (Israel Standard Time),2022-03-04 0:00:20,2022-03-04 23:59:53,14317109,4322.76797499999,1167450,
,day,Thu Mar 03 2022 02:00:00 GMT+0200 (Israel Standard Time),2022-03-03 0:00:02,2022-03-03 23:59:27,14310658,4429.670210000019,1167187,
,day,Wed Mar 02 2022 02:00:00 GMT+0200 (Israel Standard Time),2022-03-02 0:00:00,2022-03-02 23:59:52,14304254,4913.753326999999,1191136,
,day,Tue Mar 01 2022 02:00:00 GMT+0200 (Israel Standard Time),2022-03-01 0:00:18,2022-03-01 23:59:40,14297759,5374.649435000015,1161564,
,day,Mon Feb 28 2022 02:00:00 GMT+0200 (Israel Standard Time),2022-02-28 0:00:00,2022-02-28 23:59:58,14291335,6554.419660999997,1108112,
,day,Sun Feb 27 2022 02:00:00 GMT+0200 (Israel Standard Time),2022-02-27 0:00:02,2022-02-27 23:59:40,14284847,3919.1576929999987,1125065,
,day,Sat Feb 26 2022 02:00:00 GMT+0200 (Israel Standard Time),2022-02-26 0:00:28,2022-02-26 23:59:49,14278387,4138.327187999991,1167802,
,day,Fri Feb 25 2022 02:00:00 GMT+0200 (Israel Standard Time),2022-02-25 0:00:06,2022-02-25 23:59:57,14271957,5266.998128999997,1137898,
,day,Thu Feb 24 2022 02:00:00 GMT+0200 (Israel Standard Time),2022-02-24 0:00:01,2022-02-24 23:59:52,14265472,7981.6286009999985,1181182,
,day,Wed Feb 23 2022 02:00:00 GMT+0200 (Israel Standard Time),2022-02-23 0:00:27,2022-02-23 23:59:57,14258985,7467.836574999964,1147385,
,day,Tue Feb 22 2022 02:00:00 GMT+0200 (Israel Standard Time),2022-02-22 0:00:01,2022-02-22 23:59:41,14252522,7879.2476529999985,1129213,
,day,Mon Feb 21 2022 02:00:00 GMT+0200 (Israel Standard Time),2022-02-21 0:00:06,2022-02-21 23:59:56,14246088,8302.108700999985,1134349,
,day,Sun Feb 20 2022 02:00:00 GMT+0200 (Israel Standard Time),2022-02-20 0:00:15,2022-02-20 23:59:44,14239570,5994.723356000032,1343869,
,day,Sat Feb 19 2022 02:00:00 GMT+0200 (Israel Standard Time),2022-02-19 0:00:02,2022-02-19 23:59:57,14233163,5908.181561999992,1150162,
,day,Fri Feb 18 2022 02:00:00 GMT+0200 (Israel Standard Time),2022-02-18 0:00:00,2022-02-18 23:59:54,14226745,8859.761466999951,1252453,
,day,Thu Feb 17 2022 02:00:00 GMT+0200 (Israel Standard Time),2022-02-17 0:00:02,2022-02-17 23:59:34,14220269,6829.781182000018,1141997,
,day,Wed Feb 16 2022 02:00:00 GMT+0200 (Israel Standard Time),2022-02-16 0:00:06,2022-02-16 23:59:51,14213859,7079.31891899999,1194693,
,day,Tue Feb 15 2022 02:00:00 GMT+0200 (Israel Standard Time),2022-02-15 0:00:33,2022-02-15 23:59:49,14207339,5931.128063999994,1192633,
,day,Mon Feb 14 2022 02:00:00 GMT+0200 (Israel Standard Time),2022-02-14 0:00:11,2022-02-14 23:59:27,14200888,5423.285848000007,1147466,
,day,Sun Feb 13 2022 02:00:00 GMT+0200 (Israel Standard Time),2022-02-13 0:00:49,2022-02-13 23:59:45,14194418,5022.334039000004,1115294,
,day,Sat Feb 12 2022 02:00:00 GMT+0200 (Israel Standard Time),2022-02-12 0:00:06,2022-02-12 23:59:57,14187947,5916.473228000016,1114648,
,day,Fri Feb 11 2022 02:00:00 GMT+0200 (Israel Standard Time),2022-02-11 0:00:06,2022-02-11 23:59:15,14181427,6688.48827699999,1183966,
,day,Thu Feb 10 2022 02:00:00 GMT+0200 (Israel Standard Time),2022-02-10 0:00:03,2022-02-10 23:59:59,14174989,8280.334507000016,1205676,
,day,Wed Feb 09 2022 02:00:00 GMT+0200 (Israel Standard Time),2022-02-09 0:00:10,2022-02-09 23:59:42,14168512,8427.984283,1205889,
,day,Tue Feb 08 2022 02:00:00 GMT+0200 (Israel Standard Time),2022-02-08 0:00:30,2022-02-08 23:58:55,14162082,8078.568226000004,1180420,
,day,Mon Feb 07 2022 02:00:00 GMT+0200 (Israel Standard Time),2022-02-07 0:00:02,2022-02-07 23:59:53,14155621,10403.83715299996,1163034,
,day,Sun Feb 06 2022 02:00:00 GMT+0200 (Israel Standard Time),2022-02-06 0:00:08,2022-02-06 23:59:59,14149082,6742.555942999967,1173290,
,day,Sat Feb 05 2022 02:00:00 GMT+0200 (Israel Standard Time),2022-02-05 0:00:01,2022-02-05 23:59:55,14142695,6955.334512000018,1235023,
,day,Fri Feb 04 2022 02:00:00 GMT+0200 (Israel Standard Time),2022-02-04 0:01:08,2022-02-04 23:59:55,14136139,9791.559800000032,1168720,
,day,Thu Feb 03 2022 02:00:00 GMT+0200 (Israel Standard Time),2022-02-03 0:00:00,2022-02-03 23:59:59,14129716,10927.941538999978,1111215,
,day,Wed Feb 02 2022 02:00:00 GMT+0200 (Israel Standard Time),2022-02-02 0:00:06,2022-02-02 23:59:33,14123262,13398.036100000023,1152665,
,day,Tue Feb 01 2022 02:00:00 GMT+0200 (Israel Standard Time),2022-02-01 0:00:00,2022-02-01 23:59:57,14116761,13858.540589999962,1173199,
,day,Mon Jan 31 2022 02:00:00 GMT+0200 (Israel Standard Time),2022-01-31 0:00:00,2022-01-31 23:59:27,14110299,10897.474489999995,1177345,
,day,Sun Jan 30 2022 02:00:00 GMT+0200 (Israel Standard Time),2022-01-30 0:00:03,2022-01-30 23:59:57,14103760,10187.75069100002,1183850,
,day,Sat Jan 29 2022 02:00:00 GMT+0200 (Israel Standard Time),2022-01-29 0:00:04,2022-01-29 23:59:07,14097299,10375.400880999981,1147157,
,day,Fri Jan 28 2022 02:00:00 GMT+0200 (Israel Standard Time),2022-01-28 0:00:17,2022-01-28 23:59:48,14090827,12665.945755000024,1137559,
,day,Thu Jan 27 2022 02:00:00 GMT+0200 (Israel Standard Time),2022-01-27 0:00:23,2022-01-27 23:59:47,14084333,14109.295089999981,1133331,
,day,Wed Jan 26 2022 02:00:00 GMT+0200 (Israel Standard Time),2022-01-26 0:00:11,2022-01-26 23:59:21,14077906,12756.280565999987,1146116,
,day,Tue Jan 25 2022 02:00:00 GMT+0200 (Israel Standard Time),2022-01-25 0:00:10,2022-01-25 23:59:46,14071446,12401.796181999993,1177640,
,day,Mon Jan 24 2022 02:00:00 GMT+0200 (Israel Standard Time),2022-01-24 0:00:33,2022-01-24 23:58:13,14064997,12398.642249,1147109,
,day,Sun Jan 23 2022 02:00:00 GMT+0200 (Israel Standard Time),2022-01-23 0:00:27,2022-01-23 23:59:59,14058541,11336.733240999954,1077884,
,day,Sat Jan 22 2022 02:00:00 GMT+0200 (Israel Standard Time),2022-01-22 0:00:00,2022-01-22 23:59:26,14051985,14734.765489999989,1204920,
,day,Fri Jan 21 2022 02:00:00 GMT+0200 (Israel Standard Time),2022-01-21 0:00:02,2022-01-21 23:59:59,14045592,16470.442962999994,1189898,
,day,Thu Jan 20 2022 02:00:00 GMT+0200 (Israel Standard Time),2022-01-20 0:00:00,2022-01-20 23:59:54,14039103,12870.170066,1190018,
,day,Wed Jan 19 2022 02:00:00 GMT+0200 (Israel Standard Time),2022-01-19 0:00:04,2022-01-19 23:59:34,14032630,11284.315669000009,1223143,
,day,Tue Jan 18 2022 02:00:00 GMT+0200 (Israel Standard Time),2022-01-18 0:00:20,2022-01-18 23:59:45,14026168,10865.956368999947,1169526,
,day,Mon Jan 17 2022 02:00:00 GMT+0200 (Israel Standard Time),2022-01-17 0:00:29,2022-01-17 23:59:57,14019700,12399.692946999947,1198372,
,day,Sun Jan 16 2022 02:00:00 GMT+0200 (Israel Standard Time),2022-01-16 0:00:17,2022-01-16 23:59:44,14013196,12157.035742999951,1162954,
,day,Sat Jan 15 2022 02:00:00 GMT+0200 (Israel Standard Time),2022-01-15 0:00:01,2022-01-15 23:59:56,14006710,12022.975571000008,1174849,
,day,Fri Jan 14 2022 02:00:00 GMT+0200 (Israel Standard Time),2022-01-14 0:00:10,2022-01-14 23:59:53,14000271,17198.02463900005,1218436,
,day,Thu Jan 13 2022 02:00:00 GMT+0200 (Israel Standard Time),2022-01-13 0:00:32,2022-01-13 23:59:54,13993833,15304.920479000024,1282921,
,day,Wed Jan 12 2022 02:00:00 GMT+0200 (Israel Standard Time),2022-01-12 0:00:06,2022-01-12 23:59:39,13987376,16935.590503999996,1283346,
,day,Tue Jan 11 2022 02:00:00 GMT+0200 (Israel Standard Time),2022-01-11 0:00:12,2022-01-11 23:59:58,13980849,17058.46669100003,1277649,
,day,Mon Jan 10 2022 02:00:00 GMT+0200 (Israel Standard Time),2022-01-10 0:00:02,2022-01-10 23:59:58,13974427,19420.409847999974,1232965,
,day,Sun Jan 09 2022 02:00:00 GMT+0200 (Israel Standard Time),2022-01-09 0:00:09,2022-01-09 23:59:59,13967922,14077.00772500004,1108184,
,day,Sat Jan 08 2022 02:00:00 GMT+0200 (Israel Standard Time),2022-01-08 0:00:12,2022-01-08 23:59:27,13961397,10776.103815000002,1183873,
,day,Fri Jan 07 2022 02:00:00 GMT+0200 (Israel Standard Time),2022-01-07 0:00:11,2022-01-07 23:59:41,13954974,13469.015678000018,1188490,
,day,Thu Jan 06 2022 02:00:00 GMT+0200 (Israel Standard Time),2022-01-06 0:00:02,2022-01-06 23:59:50,13948582,12224.432393,1212100,
,day,Wed Jan 05 2022 02:00:00 GMT+0200 (Israel Standard Time),2022-01-05 0:00:56,2022-01-05 23:59:53,13942122,13190.698895000034,1249628,
,day,Tue Jan 04 2022 02:00:00 GMT+0200 (Israel Standard Time),2022-01-04 0:00:18,2022-01-04 23:59:57,13935628,11997.541864999941,1221316,
,day,Mon Jan 03 2022 02:00:00 GMT+0200 (Israel Standard Time),2022-01-03 0:00:08,2022-01-03 23:59:39,13929167,9638.863320999959,1209173,
,day,Sun Jan 02 2022 02:00:00 GMT+0200 (Israel Standard Time),2022-01-02 0:00:27,2022-01-02 23:59:50,13922672,9389.075925000017,1158900,
,day,Sat Jan 01 2022 02:00:00 GMT+0200 (Israel Standard Time),2022-01-01 0:00:03,2022-01-01 23:59:51,13916166,7426.473783999996,1180989,
,day,Fri Dec 31 2021 02:00:00 GMT+0200 (Israel Standard Time),2021-12-31 0:00:00,2021-12-31 23:59:49,13909787,8434.915623999983,1214585,
,day,Thu Dec 30 2021 02:00:00 GMT+0200 (Israel Standard Time),2021-12-30 0:00:03,2021-12-30 23:59:36,13903355,9902.374519,1255688,
,day,Wed Dec 29 2021 02:00:00 GMT+0200 (Israel Standard Time),2021-12-29 0:00:00,2021-12-29 23:59:56,13896836,11383.65376199999,1252422,
,day,Tue Dec 28 2021 02:00:00 GMT+0200 (Israel Standard Time),2021-12-28 0:00:30,2021-12-28 23:59:54,13890394,9287.194951,1241032,
,day,Mon Dec 27 2021 02:00:00 GMT+0200 (Israel Standard Time),2021-12-27 0:00:00,2021-12-27 23:59:54,13883917,7153.14596000003,1252037,
,day,Sun Dec 26 2021 02:00:00 GMT+0200 (Israel Standard Time),2021-12-26 0:00:01,2021-12-26 23:59:56,13877450,5084.413530999979,1206754,
,day,Sat Dec 25 2021 02:00:00 GMT+0200 (Israel Standard Time),2021-12-25 0:00:02,2021-12-25 23:59:56,13870990,6471.324294000015,1299519,
,day,Fri Dec 24 2021 02:00:00 GMT+0200 (Israel Standard Time),2021-12-24 0:00:00,2021-12-24 23:59:25,13864522,6322.014011999986,1298329,
,day,Thu Dec 23 2021 02:00:00 GMT+0200 (Israel Standard Time),2021-12-23 0:00:30,2021-12-23 23:59:56,13858107,7189.335547000019,1245242,
,day,Wed Dec 22 2021 02:00:00 GMT+0200 (Israel Standard Time),2021-12-22 0:00:20,2021-12-22 23:59:53,13851681,7011.0358649999935,1233280,
,day,Tue Dec 21 2021 02:00:00 GMT+0200 (Israel Standard Time),2021-12-21 0:00:06,2021-12-21 23:59:29,13845239,6117.7539549999765,1203550,
,day,Mon Dec 20 2021 02:00:00 GMT+0200 (Israel Standard Time),2021-12-20 0:00:27,2021-12-20 23:59:47,13838694,6098.790829,1201239,
,day,Sun Dec 19 2021 02:00:00 GMT+0200 (Israel Standard Time),2021-12-19 0:00:40,2021-12-19 23:59:57,13832241,4913.769126999993,1137581,
,day,Sat Dec 18 2021 02:00:00 GMT+0200 (Israel Standard Time),2021-12-18 0:00:18,2021-12-18 23:59:53,13825733,6018.259995999999,1159873,
,day,Fri Dec 17 2021 02:00:00 GMT+0200 (Israel Standard Time),2021-12-17 0:00:10,2021-12-17 23:59:46,13819265,7978.692779999994,1270355,
,day,Thu Dec 16 2021 02:00:00 GMT+0200 (Israel Standard Time),2021-12-16 0:00:09,2021-12-16 23:59:45,13812868,9419.784282999984,1155456,
,day,Wed Dec 15 2021 02:00:00 GMT+0200 (Israel Standard Time),2021-12-15 0:00:04,2021-12-15 23:59:29,13806390,8049.727761999997,1258462,
,day,Tue Dec 14 2021 02:00:00 GMT+0200 (Israel Standard Time),2021-12-14 0:00:10,2021-12-14 23:59:49,13799999,6857.589705999987,1214900,
,day,Mon Dec 13 2021 02:00:00 GMT+0200 (Israel Standard Time),2021-12-13 0:00:11,2021-12-13 23:59:44,13793513,7383.329547999987,1242978,
,day,Sun Dec 12 2021 02:00:00 GMT+0200 (Israel Standard Time),2021-12-12 0:00:00,2021-12-12 23:59:56,13786990,5733.863413999997,1181623,
,day,Sat Dec 11 2021 02:00:00 GMT+0200 (Israel Standard Time),2021-12-11 0:00:06,2021-12-11 23:59:23,13780502,6849.277394999989,1199193,
,day,Fri Dec 10 2021 02:00:00 GMT+0200 (Israel Standard Time),2021-12-10 0:00:22,2021-12-10 23:59:48,13774075,8042.485784000004,1237735,
,day,Thu Dec 09 2021 02:00:00 GMT+0200 (Israel Standard Time),2021-12-09 0:00:01,2021-12-09 23:59:41,13767793,7357.317718999989,1251338,
,day,Wed Dec 08 2021 02:00:00 GMT+0200 (Israel Standard Time),2021-12-08 0:00:12,2021-12-08 23:59:32,13761568,7039.022293999989,1296307,
,day,Tue Dec 07 2021 02:00:00 GMT+0200 (Israel Standard Time),2021-12-07 0:00:11,2021-12-07 23:59:55,13755302,8306.611277999998,1224771,
,day,Mon Dec 06 2021 02:00:00 GMT+0200 (Israel Standard Time),2021-12-06 0:00:08,2021-12-06 23:59:58,13749029,9425.66817999999,1244773,
,day,Sun Dec 05 2021 02:00:00 GMT+0200 (Israel Standard Time),2021-12-05 0:00:08,2021-12-05 23:59:58,13742801,8951.656580999967,1386491,
,day,Sat Dec 04 2021 02:00:00 GMT+0200 (Israel Standard Time),2021-12-04 0:00:10,2021-12-04 23:59:42,13736624,12500.059420999976,1235697,
,day,Fri Dec 03 2021 02:00:00 GMT+0200 (Israel Standard Time),2021-12-03 0:00:54,2021-12-03 23:59:53,13730330,9626.243780999994,1211488,
,day,Thu Dec 02 2021 02:00:00 GMT+0200 (Israel Standard Time),2021-12-02 0:00:05,2021-12-02 23:59:15,13724084,10064.12135200005,1265286,
,day,Wed Dec 01 2021 02:00:00 GMT+0200 (Israel Standard Time),2021-12-01 0:00:45,2021-12-01 23:59:40,13717847,12272.639464999957,1221259,
,day,Tue Nov 30 2021 02:00:00 GMT+0200 (Israel Standard Time),2021-11-30 0:00:11,2021-11-30 23:59:50,13711588,12651.304886000034,1280775,
,day,Mon Nov 29 2021 02:00:00 GMT+0200 (Israel Standard Time),2021-11-29 0:00:12,2021-11-29 23:59:43,13705381,10807.088243999984,1247688,
,day,Sun Nov 28 2021 02:00:00 GMT+0200 (Israel Standard Time),2021-11-28 0:00:30,2021-11-28 23:59:58,13699125,10125.922206999992,1135653,
,day,Sat Nov 27 2021 02:00:00 GMT+0200 (Israel Standard Time),2021-11-27 0:00:00,2021-11-27 23:59:50,13692739,10008.195638000027,1213284,
,day,Fri Nov 26 2021 02:00:00 GMT+0200 (Israel Standard Time),2021-11-26 0:00:02,2021-11-26 23:59:03,13686521,9815.463441999984,1297524,
,day,Thu Nov 25 2021 02:00:00 GMT+0200 (Israel Standard Time),2021-11-25 0:00:00,2021-11-25 23:59:48,13680218,10930.965010999986,1301578,
,day,Wed Nov 24 2021 02:00:00 GMT+0200 (Israel Standard Time),2021-11-24 0:00:04,2021-11-24 23:59:55,13673914,11475.720164000017,1342491,
,day,Tue Nov 23 2021 02:00:00 GMT+0200 (Israel Standard Time),2021-11-23 0:00:02,2021-11-23 23:59:56,13667575,12013.29653299997,1264801,
,day,Mon Nov 22 2021 02:00:00 GMT+0200 (Israel Standard Time),2021-11-22 0:00:08,2021-11-22 23:59:59,13661208,13366.212087000014,1221508,
,day,Sun Nov 21 2021 02:00:00 GMT+0200 (Israel Standard Time),2021-11-21 0:00:01,2021-11-21 23:59:39,13654921,9480.81343899997,1260939,
,day,Sat Nov 20 2021 02:00:00 GMT+0200 (Israel Standard Time),2021-11-20 0:00:15,2021-11-20 23:59:59,13648626,9344.912938999982,1160128,
,day,Fri Nov 19 2021 02:00:00 GMT+0200 (Israel Standard Time),2021-11-19 0:00:03,2021-11-19 23:59:22,13642394,10819.484239999962,1255593,
,day,Thu Nov 18 2021 02:00:00 GMT+0200 (Israel Standard Time),2021-11-18 0:00:14,2021-11-18 23:59:27,13636022,12838.058795999954,1284250,
,day,Wed Nov 17 2021 02:00:00 GMT+0200 (Israel Standard Time),2021-11-17 0:00:25,2021-11-17 23:59:59,13629632,12089.264963000009,1353219,
,day,Tue Nov 16 2021 02:00:00 GMT+0200 (Israel Standard Time),2021-11-16 0:00:00,2021-11-16 23:59:54,13623378,12751.053399000015,1309767,
,day,Mon Nov 15 2021 02:00:00 GMT+0200 (Israel Standard Time),2021-11-15 0:00:35,2021-11-15 23:59:58,13617059,13597.670065000033,1289636,
,day,Sun Nov 14 2021 02:00:00 GMT+0200 (Israel Standard Time),2021-11-14 0:00:00,2021-11-14 23:59:46,13610714,10121.631011000009,1275744,
,day,Sat Nov 13 2021 02:00:00 GMT+0200 (Israel Standard Time),2021-11-13 0:00:17,2021-11-13 23:59:49,13604388,11752.135339000004,1300348,
,day,Fri Nov 12 2021 02:00:00 GMT+0200 (Israel Standard Time),2021-11-12 0:00:17,2021-11-12 23:59:26,13597967,13429.579511000004,1345131,
,day,Thu Nov 11 2021 02:00:00 GMT+0200 (Israel Standard Time),2021-11-11 0:00:18,2021-11-11 23:59:36,13591594,14284.427858999972,1347643,
,day,Wed Nov 10 2021 02:00:00 GMT+0200 (Israel Standard Time),2021-11-10 0:00:18,2021-11-10 23:58:59,13585212,15035.403839000004,1390746,
,day,Tue Nov 09 2021 02:00:00 GMT+0200 (Israel Standard Time),2021-11-09 0:00:16,2021-11-09 23:59:58,13578840,15666.616791000042,1333928,
,day,Mon Nov 08 2021 02:00:00 GMT+0200 (Israel Standard Time),2021-11-08 0:00:22,2021-11-08 23:59:21,13572494,11077.301342999968,1328946,
,day,Sun Nov 07 2021 02:00:00 GMT+0200 (Israel Standard Time),2021-11-07 0:00:04,2021-11-07 23:59:38,13566042,8936.690200000017,1276998,
,day,Sat Nov 06 2021 02:00:00 GMT+0200 (Israel Standard Time),2021-11-06 0:00:06,2021-11-06 23:59:44,13559703,10201.736871999994,1255603,
,day,Fri Nov 05 2021 02:00:00 GMT+0200 (Israel Standard Time),2021-11-05 0:00:27,2021-11-05 23:59:55,13553257,12057.883654999972,1339661,
,day,Thu Nov 04 2021 02:00:00 GMT+0200 (Israel Standard Time),2021-11-04 0:00:03,2021-11-04 23:59:41,13546975,12753.030086000046,1352186,
,day,Wed Nov 03 2021 02:00:00 GMT+0200 (Israel Standard Time),2021-11-03 0:00:15,2021-11-03 23:59:55,13540590,14484.165620999964,1416997,
,day,Tue Nov 02 2021 02:00:00 GMT+0200 (Israel Standard Time),2021-11-02 0:00:01,2021-11-02 23:59:41,13534282,15593.595910999962,1395656,
,day,Mon Nov 01 2021 02:00:00 GMT+0200 (Israel Standard Time),2021-11-01 0:00:07,2021-11-01 23:59:59,13527859,14322.508654000023,1341733,
,day,Sun Oct 31 2021 02:00:00 GMT+0200 (Israel Standard Time),2021-10-31 0:00:05,2021-10-31 23:59:20,13521542,13224.921625000019,1304184,
,day,Sat Oct 30 2021 03:00:00 GMT+0300 (Israel Daylight Time),2021-10-30 0:00:00,2021-10-30 23:59:57,13515197,14342.941769999992,1379095,
,day,Fri Oct 29 2021 03:00:00 GMT+0300 (Israel Daylight Time),2021-10-29 0:00:55,2021-10-29 23:59:52,13508829,15619.88005400001,1456333,
,day,Thu Oct 28 2021 03:00:00 GMT+0300 (Israel Daylight Time),2021-10-28 0:00:12,2021-10-28 23:59:58,13502421,16852.13450499999,1510502,
,day,Wed Oct 27 2021 03:00:00 GMT+0300 (Israel Daylight Time),2021-10-27 0:00:05,2021-10-27 23:59:31,13496076,14818.472244000015,1370504,
,day,Tue Oct 26 2021 03:00:00 GMT+0300 (Israel Daylight Time),2021-10-26 0:00:08,2021-10-26 23:59:21,13489662,11259.16590099997,1344772,
,day,Mon Oct 25 2021 03:00:00 GMT+0300 (Israel Daylight Time),2021-10-25 0:00:07,2021-10-25 23:59:27,13483244,8851.052509000008,1299495,
,day,Sun Oct 24 2021 03:00:00 GMT+0300 (Israel Daylight Time),2021-10-24 0:00:19,2021-10-24 23:58:48,13476885,6562.807624000006,1261312,
,day,Sat Oct 23 2021 03:00:00 GMT+0300 (Israel Daylight Time),2021-10-23 0:00:00,2021-10-23 23:59:52,13470537,5839.548065999992,1235169,
,day,Fri Oct 22 2021 03:00:00 GMT+0300 (Israel Daylight Time),2021-10-22 0:00:10,2021-10-22 23:59:44,13464126,7878.413968999999,1256044,
,day,Thu Oct 21 2021 03:00:00 GMT+0300 (Israel Daylight Time),2021-10-21 0:00:17,2021-10-21 23:59:54,13457639,8601.273766000017,1277275,
,day,Wed Oct 20 2021 03:00:00 GMT+0300 (Israel Daylight Time),2021-10-20 0:00:00,2021-10-20 23:59:53,13451285,7183.219382000013,1259885,
,day,Tue Oct 19 2021 03:00:00 GMT+0300 (Israel Daylight Time),2021-10-19 0:00:18,2021-10-19 23:59:48,13444845,6663.252973000016,1243503,
,day,Mon Oct 18 2021 03:00:00 GMT+0300 (Israel Daylight Time),2021-10-18 0:00:35,2021-10-18 23:59:58,13438529,8521.684445999992,1197673,
,day,Sun Oct 17 2021 03:00:00 GMT+0300 (Israel Daylight Time),2021-10-17 0:00:02,2021-10-17 23:59:59,13432144,6817.285629000001,1144184,
,day,Sat Oct 16 2021 03:00:00 GMT+0300 (Israel Daylight Time),2021-10-16 0:00:11,2021-10-16 23:59:58,13425698,7808.831522999988,1181031,
,day,Fri Oct 15 2021 03:00:00 GMT+0300 (Israel Daylight Time),2021-10-15 0:00:17,2021-10-15 23:59:21,13419380,11737.095911999988,1302993,
,day,Thu Oct 14 2021 03:00:00 GMT+0300 (Israel Daylight Time),2021-10-14 0:00:14,2021-10-14 23:59:48,13413050,11896.270612999975,1227097,
,day,Wed Oct 13 2021 03:00:00 GMT+0300 (Israel Daylight Time),2021-10-13 0:00:02,2021-10-13 23:59:59,13406730,8769.781424000012,1189854,
,day,Tue Oct 12 2021 03:00:00 GMT+0300 (Israel Daylight Time),2021-10-12 0:00:39,2021-10-12 23:59:39,13400377,8018.627243000027,1203566,
,day,Mon Oct 11 2021 03:00:00 GMT+0300 (Israel Daylight Time),2021-10-11 0:00:16,2021-10-11 23:59:45,13393995,9777.610736999957,1183486,
,day,Sun Oct 10 2021 03:00:00 GMT+0300 (Israel Daylight Time),2021-10-10 0:00:03,2021-10-10 23:59:09,13387620,7312.910979000026,1137857,
,day,Sat Oct 09 2021 03:00:00 GMT+0300 (Israel Daylight Time),2021-10-09 0:00:36,2021-10-09 23:59:47,13381271,7199.017724000008,1191856,
,day,Fri Oct 08 2021 03:00:00 GMT+0300 (Israel Daylight Time),2021-10-08 0:00:20,2021-10-08 23:59:53,13374854,11520.330663000019,1287034,
,day,Thu Oct 07 2021 03:00:00 GMT+0300 (Israel Daylight Time),2021-10-07 0:00:09,2021-10-07 23:59:51,13368530,12666.752401000018,1344295,
,day,Wed Oct 06 2021 03:00:00 GMT+0300 (Israel Daylight Time),2021-10-06 0:00:02,2021-10-06 23:59:46,13362103,13315.176880999996,1337584,
,day,Tue Oct 05 2021 03:00:00 GMT+0300 (Israel Daylight Time),2021-10-05 0:00:16,2021-10-05 23:59:54,13355692,11446.725829000017,1235674,
,day,Mon Oct 04 2021 03:00:00 GMT+0300 (Israel Daylight Time),2021-10-04 0:00:32,2021-10-04 23:59:49,13349326,9187.590858000005,1121513,
,day,Sun Oct 03 2021 03:00:00 GMT+0300 (Israel Daylight Time),2021-10-03 0:00:05,2021-10-03 23:59:55,13342963,5514.2917769999685,1130224,
,day,Sat Oct 02 2021 03:00:00 GMT+0300 (Israel Daylight Time),2021-10-02 0:00:05,2021-10-02 23:59:59,13336575,5560.120622000013,1117899,
,day,Fri Oct 01 2021 03:00:00 GMT+0300 (Israel Daylight Time),2021-10-01 0:00:00,2021-10-01 23:59:58,13330090,7985.601424000012,1207263,
,day,Thu Sep 30 2021 03:00:00 GMT+0300 (Israel Daylight Time),2021-09-30 0:00:00,2021-09-30 23:59:56,13323752,10238.83027699999,1115943,
,day,Wed Sep 29 2021 03:00:00 GMT+0300 (Israel Daylight Time),2021-09-29 0:00:02,2021-09-29 23:59:49,13317340,7467.092861999979,1135869,
,day,Tue Sep 28 2021 03:00:00 GMT+0300 (Israel Daylight Time),2021-09-28 0:00:06,2021-09-28 23:59:50,13310982,7970.4658159999735,1107780,
,day,Mon Sep 27 2021 03:00:00 GMT+0300 (Israel Daylight Time),2021-09-27 0:00:01,2021-09-27 23:59:41,13304528,7657.3966430000055,1133633,
,day,Sun Sep 26 2021 03:00:00 GMT+0300 (Israel Daylight Time),2021-09-26 0:00:10,2021-09-26 23:59:25,13298126,5921.79876199999,1088537,
,day,Sat Sep 25 2021 03:00:00 GMT+0300 (Israel Daylight Time),2021-09-25 0:00:01,2021-09-25 23:59:44,13291553,4322.253987999996,1121078,
,day,Fri Sep 24 2021 03:00:00 GMT+0300 (Israel Daylight Time),2021-09-24 0:00:19,2021-09-24 23:59:50,13285098,6572.077208999998,1152685,
,day,Thu Sep 23 2021 03:00:00 GMT+0300 (Israel Daylight Time),2021-09-23 0:00:03,2021-09-23 23:59:58,13278687,6602.107475999998,1193053,
,day,Wed Sep 22 2021 03:00:00 GMT+0300 (Israel Daylight Time),2021-09-22 0:00:00,2021-09-22 23:59:59,13272250,6180.874042999992,1174030,
,day,Tue Sep 21 2021 03:00:00 GMT+0300 (Israel Daylight Time),2021-09-21 0:00:08,2021-09-21 23:59:07,13265754,9169.959326999975,1193295,
,day,Mon Sep 20 2021 03:00:00 GMT+0300 (Israel Daylight Time),2021-09-20 0:00:18,2021-09-20 23:59:48,13259322,7893.915846000005,1174559,
,day,Sun Sep 19 2021 03:00:00 GMT+0300 (Israel Daylight Time),2021-09-19 0:00:06,2021-09-19 23:59:48,13252814,4963.513211000004,1128226,
,day,Sat Sep 18 2021 03:00:00 GMT+0300 (Israel Daylight Time),2021-09-18 0:00:05,2021-09-18 23:59:42,13246363,4928.899682000001,1143178,
,day,Fri Sep 17 2021 03:00:00 GMT+0300 (Israel Daylight Time),2021-09-17 0:00:03,2021-09-17 23:59:48,13239896,6899.220670000018,1187483,
,day,Thu Sep 16 2021 03:00:00 GMT+0300 (Israel Daylight Time),2021-09-16 0:00:07,2021-09-16 23:59:41,13233404,7725.724053999988,1224358,
,day,Wed Sep 15 2021 03:00:00 GMT+0300 (Israel Daylight Time),2021-09-15 0:00:28,2021-09-15 23:59:59,13226950,6232.751994000019,1207590,
,day,Tue Sep 14 2021 03:00:00 GMT+0300 (Israel Daylight Time),2021-09-14 0:00:19,2021-09-14 23:58:55,13220489,6581.858130000015,1231240,
,day,Mon Sep 13 2021 03:00:00 GMT+0300 (Israel Daylight Time),2021-09-13 0:00:15,2021-09-13 23:59:36,13214077,6917.088688000015,1267491,
,day,Sun Sep 12 2021 03:00:00 GMT+0300 (Israel Daylight Time),2021-09-12 0:00:00,2021-09-12 23:59:46,13207539,5758.334101999984,1211328,
,day,Sat Sep 11 2021 03:00:00 GMT+0300 (Israel Daylight Time),2021-09-11 0:00:00,2021-09-11 23:59:52,13201143,5824.104806999997,1249438,
,day,Fri Sep 10 2021 03:00:00 GMT+0300 (Israel Daylight Time),2021-09-10 0:00:08,2021-09-10 23:59:57,13194684,8663.288085000017,1244706,
,day,Thu Sep 09 2021 03:00:00 GMT+0300 (Israel Daylight Time),2021-09-09 0:00:10,2021-09-09 23:59:42,13188218,13276.65004800001,1219850,
,day,Wed Sep 08 2021 03:00:00 GMT+0300 (Israel Daylight Time),2021-09-08 0:00:26,2021-09-08 23:59:57,13181723,14253.615318000011,1178449,
,day,Tue Sep 07 2021 03:00:00 GMT+0300 (Israel Daylight Time),2021-09-07 0:00:07,2021-09-07 23:59:58,13175306,14084.958298999994,1308071,
,day,Mon Sep 06 2021 03:00:00 GMT+0300 (Israel Daylight Time),2021-09-06 0:00:01,2021-09-06 23:59:55,13168847,10498.629815999984,1206493,
,day,Sun Sep 05 2021 03:00:00 GMT+0300 (Israel Daylight Time),2021-09-05 0:00:00,2021-09-05 23:59:52,13162318,9929.14815699998,1136467,
,day,Sat Sep 04 2021 03:00:00 GMT+0300 (Israel Daylight Time),2021-09-04 0:00:03,2021-09-04 23:59:50,13155889,10657.97860700003,1189085,
,day,Fri Sep 03 2021 03:00:00 GMT+0300 (Israel Daylight Time),2021-09-03 0:00:20,2021-09-03 23:59:57,13149423,13838.37165999998,1198777,
,day,Thu Sep 02 2021 03:00:00 GMT+0300 (Israel Daylight Time),2021-09-02 0:00:00,2021-09-02 23:59:54,13142882,10128.11262499999,1261258,
,day,Wed Sep 01 2021 03:00:00 GMT+0300 (Israel Daylight Time),2021-09-01 0:00:12,2021-09-01 23:59:54,13136427,11458.101710999996,1225104,
,day,Tue Aug 31 2021 03:00:00 GMT+0300 (Israel Daylight Time),2021-08-31 0:00:08,2021-08-31 23:59:55,13129984,10932.835504999988,1206314,
,day,Mon Aug 30 2021 03:00:00 GMT+0300 (Israel Daylight Time),2021-08-30 0:00:35,2021-08-30 23:59:54,13123512,10062.378527000023,1198993,
,day,Sun Aug 29 2021 03:00:00 GMT+0300 (Israel Daylight Time),2021-08-29 0:00:19,2021-08-29 23:59:41,13117023,8345.451128000013,1147150,
,day,Sat Aug 28 2021 03:00:00 GMT+0300 (Israel Daylight Time),2021-08-28 0:00:13,2021-08-28 23:59:54,13110563,7740.499321000016,1131721,
,day,Fri Aug 27 2021 03:00:00 GMT+0300 (Israel Daylight Time),2021-08-27 0:00:06,2021-08-27 23:59:58,13104132,11127.558326000002,1119072,
,day,Thu Aug 26 2021 03:00:00 GMT+0300 (Israel Daylight Time),2021-08-26 0:00:31,2021-08-26 23:59:54,13097628,8288.060544999995,1175063,
,day,Wed Aug 25 2021 03:00:00 GMT+0300 (Israel Daylight Time),2021-08-25 0:00:10,2021-08-25 23:59:39,13091189,8404.339531999993,1184767,
,day,Tue Aug 24 2021 03:00:00 GMT+0300 (Israel Daylight Time),2021-08-24 0:00:01,2021-08-24 23:59:56,13084680,7191.723257000009,1247051,
,day,Mon Aug 23 2021 03:00:00 GMT+0300 (Israel Daylight Time),2021-08-23 0:00:28,2021-08-23 23:59:59,13078271,5387.566431000003,1245624,
,day,Sun Aug 22 2021 03:00:00 GMT+0300 (Israel Daylight Time),2021-08-22 0:00:08,2021-08-22 23:59:52,13071750,3097.329126000004,1183893,
,day,Sat Aug 21 2021 03:00:00 GMT+0300 (Israel Daylight Time),2021-08-21 0:00:09,2021-08-21 23:59:46,13065319,3063.1997360000078,1186734,
,day,Fri Aug 20 2021 03:00:00 GMT+0300 (Israel Daylight Time),2021-08-20 0:00:14,2021-08-20 23:59:51,13058860,3483.1309750000023,1260039,
,day,Thu Aug 19 2021 03:00:00 GMT+0300 (Israel Daylight Time),2021-08-19 0:00:10,2021-08-19 23:59:48,13052295,3560.8530389999983,1255277,
,day,Wed Aug 18 2021 03:00:00 GMT+0300 (Israel Daylight Time),2021-08-18 0:00:00,2021-08-18 23:59:50,13045896,3869.736296999998,1201544,
,day,Tue Aug 17 2021 03:00:00 GMT+0300 (Israel Daylight Time),2021-08-17 0:00:00,2021-08-17 23:59:58,13039380,4333.4508789999945,1252004,
,day,Mon Aug 16 2021 03:00:00 GMT+0300 (Israel Daylight Time),2021-08-16 0:00:05,2021-08-16 23:59:43,13032880,4769.676939999999,1253968,
,day,Sun Aug 15 2021 03:00:00 GMT+0300 (Israel Daylight Time),2021-08-15 0:00:03,2021-08-15 23:59:54,13026460,5277.156871999979,1125295,
,day,Sat Aug 14 2021 03:00:00 GMT+0300 (Israel Daylight Time),2021-08-14 0:00:03,2021-08-14 23:59:58,13019960,4220.700390999999,1159942,
,day,Fri Aug 13 2021 03:00:00 GMT+0300 (Israel Daylight Time),2021-08-13 0:00:05,2021-08-13 23:59:57,13013486,4750.4429479999935,1197050,
,day,Thu Aug 12 2021 03:00:00 GMT+0300 (Israel Daylight Time),2021-08-12 0:00:08,2021-08-12 23:59:54,13006976,4953.001458999982,1195283,
,day,Wed Aug 11 2021 03:00:00 GMT+0300 (Israel Daylight Time),2021-08-11 0:00:04,2021-08-11 23:59:53,13000575,5225.963633999996,1234262,
,day,Tue Aug 10 2021 03:00:00 GMT+0300 (Israel Daylight Time),2021-08-10 0:00:00,2021-08-10 23:59:46,12994068,5313.683910000013,1212289,
,day,Mon Aug 09 2021 03:00:00 GMT+0300 (Israel Daylight Time),2021-08-09 0:00:03,2021-08-09 23:59:47,12987563,4247.410724999999,1218594,
,day,Sun Aug 08 2021 03:00:00 GMT+0300 (Israel Daylight Time),2021-08-08 0:00:00,2021-08-08 23:59:56,12981067,4191.017322000009,1184163,
,day,Sat Aug 07 2021 03:00:00 GMT+0300 (Israel Daylight Time),2021-08-07 0:00:27,2021-08-07 23:59:45,12974518,4218.14739,1198433,
,day,Fri Aug 06 2021 03:00:00 GMT+0300 (Israel Daylight Time),2021-08-06 0:00:06,2021-08-06 23:59:48,12968067,4106.955966000008,1212021,
,day,Thu Aug 05 2021 03:00:00 GMT+0300 (Israel Daylight Time),2021-08-05 0:00:04,2021-08-05 23:59:51,12961718,3053.7336559999953,1159647,
